effect_id,target_type,counter_min,counter_max,text,comment
8,0,-1,-1,explosion/self-destruct,User [faint]{mechanic:faint}s$ even if the attack [fail]{mechanic:fail}s or [miss]{mechanic:miss}es.  Inflicts [regular damage]{mechanic:regular-damage}.
9,1,0,0,dream eater,fails if not used on a sleeping target pokemon
10,1,-1,-1,copycat,Uses opponent's last move ignored moves is: []{move:acid-armor}$ []{move:acupressure}$ []{move:after-you}$ []{move:agility}$ []{move:ally-switch}$ []{move:amnesia}$ []{move:aqua-ring}$ []{move:aromatherapy}$ []{move:aromatic-mist}$ []{move:assist}$ []{move:autotomize}$ []{move:barrier}$ []{move:baton-pass}$ []{move:belch}$ []{move:belly-drum}$ []{move:bide}$ []{move:bulk-up}$ []{move:calm-mind}$ []{move:camouflage}$ []{move:celebrate}$ []{move:charge}$ []{move:coil}$ []{move:conversion}$ []{move:conversion-2}$ []{move:copycat}$ []{move:cosmic-power}$ []{move:cotton-guard}$ []{move:counter}$ []{move:crafty-shield}$ []{move:curse}$ []{move:defend-order}$ []{move:defense-curl}$ []{move:destiny-bond}$ []{move:detect}$ []{move:doom-desire}$ []{move:double-team}$ []{move:dragon-dance}$ []{move:electric-terrain}$ []{move:endure}$ []{move:final-gambit}$ []{move:flower-shield}$ []{move:focus-energy}$ []{move:focus-punch}$ []{move:follow-me}$ []{move:future-sight}$ []{move:geomancy}$ []{move:grassy-terrain}$ []{move:gravity}$ []{move:growth}$ []{move:grudge}$ []{move:guard-split}$ []{move:hail}$ []{move:happy-hour}$ []{move:harden}$ []{move:haze}$ []{move:heal-bell}$ []{move:heal-order}$ []{move:heal-pulse}$ []{move:healing-wish}$ []{move:helping-hand}$ []{move:hold-hands}$ []{move:hone-claws}$ []{move:howl}$ []{move:imprison}$ []{move:ingrain}$ []{move:ion-deluge}$ []{move:iron-defense}$ []{move:kings-shield}$ []{move:light-screen}$ []{move:lucky-chant}$ []{move:lunar-dance}$ []{move:magic-coat}$ []{move:magnet-rise}$ []{move:magnetic-flux}$ []{move:mat-block}$ []{move:me-first}$ []{move:meditate}$ []{move:metronome}$ []{move:milk-drink}$ []{move:mimic}$ []{move:minimize}$ []{move:mirror-coat}$ []{move:mirror-move}$ []{move:mist}$ []{move:misty-terrain}$ []{move:moonlight}$ []{move:morning-sun}$ []{move:mud-sport}$ []{move:nasty-plot}$ []{move:nature-power}$ []{move:perish-song}$ []{move:power-split}$ []{move:power-trick}$ []{move:protect}$ []{move:psych-up}$ []{move:quick-guard}$ []{move:quiver-dance}$ []{move:rage-powder}$ []{move:rain-dance}$ []{move:recover}$ []{move:recycle}$ []{move:reflect}$ []{move:reflect-type}$ []{move:refresh}$ []{move:rest}$ []{move:rock-polish}$ []{move:role-play}$ []{move:roost}$ []{move:rototiller}$ []{move:safeguard}$ []{move:sandstorm}$ []{move:shadow-blast}$ []{move:shadow-bolt}$ []{move:shadow-half}$ []{move:shadow-rush}$ []{move:shadow-shed}$ []{move:shadow-sky}$ []{move:shadow-storm}$ []{move:shadow-wave}$ []{move:sharpen}$ []{move:shell-smash}$ []{move:shift-gear}$ []{move:sketch}$ []{move:slack-off}$ []{move:sleep-talk}$ []{move:snatch}$ []{move:soft-boiled}$ []{move:spikes}$ []{move:spiky-shield}$ []{move:spit-up}$ []{move:splash}$ []{move:stealth-rock}$ []{move:sticky-web}$ []{move:stockpile}$ []{move:struggle}$ []{move:substitute}$ []{move:sunny-day}$ []{move:swallow}$ []{move:swords-dance}$ []{move:synthesis}$ []{move:tail-glow}$ []{move:tailwind}$ []{move:teleport}$ []{move:toxic-spikes}$ []{move:transform}$ []{move:water-sport}$ []{move:wide-guard}$ []{move:wish}$ []{move:withdraw} and []{move:work-up}.This move cannot be selected by []{move:assist}$ []{move:metronome}$ or []{move:sleep-talk}$ nor forced by []{move:encore}.
26,0,-1,-1,All Pokemon's stat changes were erased.,Removes all stat changes from every Pok√©mon on the [field]{mechanic:field}.This does not count as a stat reduction for the purposes of []{ability:clear-body} or []{ability:white-smoke}.
27,1,2,2,bide,User waits for two turns.  On the second turn$ the user inflicts twice the damage it accumulated on the last Pok√©mon to hit it.  Damage inflicted is [typeless]{mechanic:typeless}.This move cannot be selected by []{move:sleep-talk}.
28,0,2,3,,uses the same attack for 2-3 turns
30,1,2,5,It hit {counter} times.,hits 2-5 times
31,0,-1,-1,conversion,User's [type]{mechanic:type} changes to the [type]{mechanic:type} of one of its moves$ selected at random.  []{move:hidden-power} and []{move:weather-ball} are treated as []{type:normal}.  Only moves with a different [type]{mechanic:type} are eligible$ and []{move:curse} is never eligible.  If the user has no suitable moves$ this move will [fail]{mechanic:fail}.
36,0,5,5,light-screen,Erects a barrier around the user's side of the field that reduces damage from [special]{mechanic:special} attacks by half for five turns. [Critical hit]{mechanic:critical-hit}s are not affected by the barrier.[]{move:brick-break} or []{move:defog} used by an opponent will destroy the barrier.
37,1,0,0,tri-attack,Inflicts [regular damage]{mechanic:regular-damage}.  Has a chance to burn freeze or paralyze the target.  One of these effects is selected at random; they do not each have independent chances to occur.
38,1,2,2,rest,User falls to [sleep]{mechanic:sleep} and immediately regains all its [HP]{mechanic:hp}.  If the user has another [major status effect]{mechanic:major-status-effect}$ [sleep]{mechanic:sleep} will replace it.  The user will always wake up after two turns$ or one turn with []{ability:early-bird}.This move [fail]{mechanic:fail}s if the Pok√©mon cannot fall asleep due to []{move:uproar}$ []{ability:insomnia}$ or []{ability:vital-spirit}.  It also fails if the Pok√©mon is at full health or is already asleep.
41,0,0,0,super-fang,Inflicts [typeless]{mechanic:typeless} damage equal to half the target's remaining [HP]{mechanic:hp}.
42,1,0,0,dragon-rage and sonic boom,Inflicts exactly [move.damage] damage. Type has no effect on damage unless it is a 0* multiplier
43,1,2,5,{defender} is hurt by {attack}.,can't substitute for 2-5 turns$ take 1/8 of health damage per turn.
44,0,0,0,,get 1 higher crit for turn
45,1,2,2,It hit {counter} times.,hits twice
46,1,0,0,high-jump-kick,Inflicts [regular damage]{mechanic:regular-damage}.  If this move misses$ is blocked by []{move:protect} or []{move:detect}$ or has no effect$ the user takes half the user's max HP.This move cannot be used while []{move:gravity} is in effect.
47,0,5,5,mist,{attacker}'s team is immune to stat changes
48,0,-1,-1,focus-energy,User's [critical hit]{mechanic:critical-hit} rate is two levels higher until it leaves the field.  If the user has already used []{move:focus-energy} since entering the field$ this move will [fail]{mechanic:fail}.This effect is passed on by []{move:baton-pass}.
58,0,-1,-1,transform,User copies the target's species$ weight$ type$ [ability]{mechanic:ability}$ [calculated stats]{mechanic:calculated-stats} (except [HP]{mechanic:hp})$ and moves.  Copied moves will all have 5 [PP]{mechanic:pp} remaining.  [IV]{mechanic:iv}s are copied for the purposes of []{move:hidden-power}$ but stats are not recalculated.[]{item:choice-band}$ []{item:choice-scarf}$ and []{item:choice-specs} stay in effect$ and the user must select a new move.This move cannot be copied by []{move:mirror-move}$ nor forced by []{move:encore}.
66,0,5,5,reflect,Erects a barrier around the user's side of the field that reduces damage from [physical]{mechanic:physical} attacks by half for five turns.[Critical hit]{mechanic:critical-hit}s are not affected by the barrier.[]{move:brick-break} or []{move:defog} used by an opponent will destroy the barrier.
76,1,1,1,sky-attack,Inflicts [regular damage]{mechanic:regular-damage}.  User charges for one turn before attacking.  [Critical hit chance]{mechanic:critical-hit-chance} is one level higher than normal. This move cannot be selected by []{move:sleep-talk}.
80,0,-1,-1,substitute,Transfers 1/4 the user's max [HP]{mechanic:hp} into a doll that absorbs damage and causes most negative move effects to [fail]{mechanic:fail}.  If the user leaves the [field]{mechanic:field}$ the doll will vanish.  If the user cannot pay the [HP]{mechanic:hp} cost$ this move will fail.The doll takes damage as normal$ using the user's stats and types$ and will break when its [HP]{mechanic:hp} reaches zero.  Self-inflicted damage from [confusion]{mechanic:confusion} or recoil is not absorbed.  Healing effects from opponents ignore the doll and heal the user as normal.  Moves that work based on the user's [HP]{mechanic:hp} still do so; the doll's [HP]{mechanic:hp} does not influence any move.The doll will block [major status effect]{mechanic:major-status-effect}s$ [confusion]{mechanic:confusion}$ and [flinch]{mechanic:flinch}ing.  The effects of []{move:smelling-salts} and []{move:wake-up-slap} do not trigger against a doll$ even if the Pok√©mon behind the doll has the appropriate [major status effect]{mechanic:major-status-effect}.  Multi-turn trapping moves like []{move:wrap} will hit the doll for their [regular damage]{mechanic:regular-damage}$ but the multi-turn trapping and damage effects will not activate.Moves blocked or damage absorbed by the doll do not count as hitting the user or inflicting damage for any effects that respond to such$ e.g.$ []{move:avalanche}$ []{move:counter}$ or a []{item:rowap-berry}.  []{move:magic-coat} still works as normal$ even against moves the doll would block.  Opposing Pok√©mon that damage the doll with a leech move like []{move:absorb} are healed as normal.It will also block []{move:acupressure}$ []{move:block}$ the curse effect of []{move:curse}$ []{move:dream-eater}$ []{move:embargo}$ []{move:flatter}$ []{move:gastro-acid}$ []{move:grudge}$ []{move:heal-block}$ []{move:leech-seed}$ []{move:lock-on}$ []{move:mean-look}$ []{move:mimic}$ []{move:mind-reader}$ []{move:nightmare}$ []{move:pain-split}$ []{move:psycho-shift}$ []{move:spider-web}$ []{move:sketch}$ []{move:swagger}$ []{move:switcheroo}$ []{move:trick}$ []{move:worry-seed}$ and []{move:yawn}.  A Pok√©mon affected by []{move:yawn} before summoning the doll will still fall to [sleep]{mechanic:sleep}.The doll blocks []{ability:intimidate}$ but all other abilities act as though the doll did not exist.  If the user has an ability that absorbs moves of a certain type for [HP]{mechanic:hp} (such as []{ability:volt-absorb} absorbing []{move:thunder-wave})$ such moves will not be blocked.[]{item:life-orb} and berries that cause [confusion]{mechanic:confusion} still work as normal$ but their respective [HP]{mechanic:hp} loss and [confusion]{mechanic:confusion} are absorbed/blocked by the doll.The user is still vulnerable to damage inflicted when entering or leaving the [field]{mechanic:field}$ such as by []{move:pursuit} or []{move:spikes}; however$ the doll will block the [poison]{mechanic:poison} effect of []{move:toxic-spikes}.The doll is passed on by []{move:baton-pass}.  It keeps its existing [HP]{mechanic:hp}$ but uses the replacement Pok√©mon's stats and types for damage calculation.All other effects work as normal.
81,0,2,2,{attacker} must recharge!,recharge next turn
82,1,1,1,rage,Inflicts [regular damage]{mechanic:regular-damage}.  Every time the user is hit after it uses this move but before its next action$ its [Attack]{mechanic:attack} raises by one [stage]{mechanic:stage}.
83,1,-1,-1,mimic,use opponents last used move. Move replaces mimic until battles ends or pokemon is switched out
84,0,0,0,metronome,Selects any move at random and uses it.  Moves the user already knows are not eligible.  Assist$ meta$ protection$ and reflection moves are also not eligible; specifically$ []{move:assist}$ []{move:chatter}$ []{move:copycat}$ []{move:counter}$ []{move:covet}$ []{move:destiny-bond}$ []{move:detect}$ []{move:endure}$ []{move:feint}$ []{move:focus-punch}$ []{move:follow-me}$ []{move:helping-hand}$ []{move:me-first}$ []{move:metronome}$ []{move:mimic}$ []{move:mirror-coat}$ []{move:mirror-move}$ []{move:protect}$ []{move:quick-guard}$ []{move:sketch}$ []{move:sleep-talk}$ []{move:snatch}$ []{move:struggle}$ []{move:switcheroo}$ []{move:thief}$ []{move:trick}$ and []{move:wide-guard} will not be selected by this move.This move cannot be copied by []{move:mimic} or []{move:mirror-move}$ nor selected by []{move:assist}$ []{move:metronome}$ or []{move:sleep-talk}.
85,1,-1,-1,leech-seed,Plants a seed on the target that [drains]{mechanic:drain} 1/8 of its max [HP]{mechanic:hp} at the end of every turn and heals the user for the amount taken.  Has no effect on []{type:grass} Pok√©mon.  The seed remains until the target leaves the field.The user takes damage instead of being healed if the target has []{ability:liquid-ooze}.[]{move:rapid-spin} will remove this effect.This effect is passed on by []{move:baton-pass}.
86,0,0,0,splash,Does nothing.
87,1,3,5,{defender}'s {move} was disabled.,{defender}'s {move} was disabled
88,1,0,0,night-shade and seismic toss,Inflicts damage equal to the user's level.  Type immunity applies$ but other type effects are ignored.
90,1,0,0,counter,when hit by a physical attack user strikes back with 2x power. Type immunity applies but other type effects are ignored
91,1,4,8,encore,The next 4‚Äì8 times (selected at random) the target attempts to move$ it is forced to repeat its last used move.  If the selected move allows the trainer to select a target$ an opponent will be selected at random each turn.  If the target is prevented from using the selected move by some other effect$ []{move:struggle} will be used instead.  This effect ends if the selected move runs out of [PP]{mechanic:pp}.If the target hasn't used a move since entering the [field]{mechanic:field}$ if it tried to use a move this turn and [failed]{mechanic:failed}$ if it does not know the selected move$ or if the selected move has 0 [PP]{mechanic:pp} remaining$ this move will fail.  If the target's last used move was []{move:encore}$ []{move:mimic}$ []{move:mirror-move}$ []{move:sketch}$ []{move:struggle}$ or []{move:transform}$ this move will fail.
92,1,0,0,pain-split,Changes the user's and target's remaining [HP]{mechanic:hp} to the average of their current remaining [HP]{mechanic:hp}. This effect does not count as inflicting damage for other moves and effects that respond to damage taken.This effect [fail]{mechanic:fail}s against a []{move:substitute}.
93,1,0,0,snore,Only usable if the user is [sleep]{mechanic:sleep}ing.  Inflicts [regular damage]{mechanic:regular-damage}.
94,0,-1,-1,conversion 2,Changes the user's type to a type either resistant or immune to the last damaging move that hit it.  The new type is selected at random and cannot be a type the user already is.  If there is no eligible new type$ this move will [fail]{mechanic:fail}.
95,0,1,1,mind-reader and lock-on,If the user targets the same target again before the end of the next turn$ the move it uses is guaranteed to hit.  This move itself also ignores [accuracy]{mechanic:accuracy} and [evasion]{mechanic:evasion} modifiers.One-hit KO moves are also guaranteed to hit$ as long as the user is equal or higher level than the target.  This effect also allows the user to hit Pok√©mon that are off the field due to moves such as []{move:dig} or []{move:fly}.If the target uses []{move:detect} or []{move:protect} while under the effect of this move$ the user is not guaranteed to hit$ but has a (100 - accuracy)% chance to break through the protection.This effect is passed on by []{move:baton-pass}.
96,1,-1,-1,sketch,Permanently replaces itself with the target's last used move.  If that move is []{move:chatter} or []{move:struggle}$ this move will [fail]{mechanic:fail}.This move cannot be copied by []{move:mimic} or []{move:mirror-move}$ nor selected by []{move:assist} or []{move:metronome}$ nor forced by []{move:encore}.
98,0,0,0,sleep-talk,Only usable if the user is [sleep]{mechanic:sleep}ing.  Randomly selects and uses one of the user's other three moves.  Use of the selected move requires and costs 0 [PP]{mechanic:pp}.This move will not select []{move:assist}$ []{move:bide}$ []{move:bounce}$ []{move:chatter}$ []{move:copycat}$ []{move:dig}$ []{move:dive}$ []{move:fly}$ []{move:focus-punch}$ []{move:me-first}$ []{move:metronome}$ []{move:mirror-move}$ []{move:shadow-force}$ []{move:skull-bash}$ []{move:sky-attack}$ []{move:sky-drop}$ []{move:sleep-talk}$ []{move:solar-beam}$ []{move:razor-wind}$ or []{move:uproar}.If the selected move requires a recharge turn‚Äîi.e.$ one of []{move:blast-burn}$ []{move:frenzy-plant}$ []{move:giga-impact}$ []{move:hydro-cannon}$ []{move:hyper-beam}$ []{move:roar-of-time}$ or []{move:rock-wrecker}‚Äîand the user is still [sleep]{mechanic:sleep}ing next turn$ then it's forced to use this move again and pay another [PP]{mechanic:pp} for the recharge turn.This move cannot be copied by []{move:mirror-move}$ nor selected by []{move:assist}$ []{move:metronome}$ or []{move:sleep-talk}.
99,1,1,1,destiny-bond,If the user [faints]{mechanic:faints} before its next move$ the Pok√©mon that [faint]{mechanic:faint}ed it will automatically [faint]{mechanic:faint}.  End-of-turn damage is ignored.This move cannot be selected by []{move:assist} or []{move:metronome}.
100,1,0,0,flail and reversal,Inflicts [regular damage]{mechanic:regular-damage}.  Power varies inversely with the user's proportional remaining [HP]{mechanic:hp}.64 * current HP / max HP | Power-----------------------: | ----: 0‚Äì 1                    |  200 2‚Äì 5                    |  150 6‚Äì12                    |  10013‚Äì21                    |   8022‚Äì42                    |   4043‚Äì64                    |   20
102,1,0,0,false-swipe,Inflicts [regular damage]{mechanic:regular-damage}.  Will not reduce the target's [HP]{mechanic:hp} below 1.
103,0,0,0,heal-bell and aromatherapy,Removes [major status effects]{mechanic:major-status-effects} and [confusion]{mechanic:confusion} from every Pok√©mon in the user's party.
105,1,3,3,triple-kick,Inflicts [regular damage]{mechanic:regular-damage}.  Hits three times in the same turn.  The second hit has double power$ and the third hit has triple power.  Each hit has a separate [accuracy]{mechanic:accuracy} check$ and this move stops if a hit misses.[]{ability:skill-link} does not apply.
112,0,0,0,,No moves will hit the user for the remainder of this turn.  If the user is last to act this turn$ this move will [fail]{mechanic:fail}.If the user successfully used []{move:detect}$ []{move:endure}$ []{move:protect}$ []{move:quick-guard}$ or []{move:wide-guard} on the last turn$ this move has a 50% chance to [fail]{mechanic:fail}.[]{move:lock-on}$ []{move:mind-reader}$ and []{ability:no-guard} provide a (100 ‚Äì accuracy)% chance for moves to break through this move.  This does not apply to one-hit KO moves ([]{move:fissure}$ []{move:guillotine}$ []{move:horn-drill}$ and []{move:sheer-cold}); those are always blocked by this move.[]{move:thunder} during []{move:rain-dance} and []{move:blizzard} during []{move:hail} have a 30% chance to break through this move.The following effects are not prevented by this move:* []{move:acupressure} from an ally* []{move:curse}'s curse effect* Delayed damage from []{move:doom-desire} and []{move:future-sight}; however$ these moves will be prevented if they are used this turn* []{move:feint}$ which will also end this move's protection after it hits* []{move:imprison}* []{move:perish-song}* []{move:shadow-force}* Moves that merely copy the user$ such as []{move:transform} or []{move:psych-up}This move cannot be selected by []{move:assist} or []{move:metronome}.
113,1,-1,-1,spikes*,Scatters spikes around the opposing [field]{mechanic:field}$ which damage opposing Pok√©mon that enter the [field]{mechanic:field} for 1/8 of their max [HP]{mechanic:hp}.  Pok√©mon immune to []{type:ground} moves are immune to this damage$ except during []{move:gravity}.  Up to three layers of spikes may be laid down$ adding 1/16 to the damage done: two layers of spikes damage for 3/16 max [HP]{mechanic:hp}$ and three layers damage for 1/4 max [HP]{mechanic:hp}.[]{ability:wonder-guard} does not block damage from this effect.[]{move:rapid-spin} removes this effect from its user's side of the [field]{mechanic:field}.  []{move:defog} removes this effect from its target's side of the [field]{mechanic:field}.
114,1,-1,-1,,Resets the target's [evasion]{mechanic:evasion} to normal and prevents any further boosting until the target leaves the [field]{mechanic:field}.  A []{type:ghost} under this effect takes normal damage from []{type:normal} and []{type:fighting} moves.  This move itself ignores [accuracy]{mechanic:accuracy} and [evasion]{mechanic:evasion} modifiers.
115,1,3,3,perish song,Every Pok√©mon is given a counter that starts at 3 and decreases by 1 at the end of every turn$ including this one.  When a Pok√©mon's counter reaches zero$ that Pok√©mon [faint]{mechanic:faint}s.  A Pok√©mon that leaves the [field]{mechanic:field} will lose its counter; its replacement does not inherit the effect$ and other Pok√©mon's counters remain.This effect is passed on by []{move:baton-pass}.This move cannot be copied by []{move:mirror-move}.
117,0,0,0,,The user's [HP]{mechanic:hp} cannot be lowered below 1 by any means for the remainder of this turn.If the user successfully used []{move:detect}$ []{move:endure}$ []{move:protect}$ []{move:quick-guard}$ or []{move:wide-guard} on the last turn$ this move has a 50% chance to [fail]{mechanic:fail}.This move cannot be selected by []{move:assist} or []{move:metronome}.
118,1,5,5,,Inflicts [regular damage]{mechanic:regular-damage}.  User is forced to use this move for five turns.  Power doubles every time this move is used in succession to a maximum of 16x$ and resets to normal after the lock-in ends.  If this move misses or becomes unusable$ the lock-in ends.If the user has used []{move:defense-curl} since entering the field$ this move has double power.
120,1,5,5,,Inflicts [regular damage]{mechanic:regular-damage}.  Power doubles after every time this move is used$ whether consecutively or not$ maxing out at 16x.  If this move misses or the user leaves the [field]{mechanic:field}$ power resets.
122,1,0,0,return,Inflicts [regular damage]{mechanic:regular-damage}.  Power increases with [happiness]{mechanic:happiness}$ given by `happiness * 2 / 5`$ to a maximum of 102.  Power bottoms out at 1.
123,1,0,0,Present (delibird),Randomly uses one of the following effects.Effect: Inflicts [regular damage]{mechanic:regular-damage} with 40 power [40%] | Inflicts [regular damage]{mechanic:regular-damage} with 80 power [30%] | Inflicts [regular damage]{mechanic:regular-damage} with 120 power [10%] | Heals the target for 1/4 its max [HP]{mechanic:hp} 20%
124,1,0,0,frustration,Inflicts [regular damage]{mechanic:regular-damage}.  Power increases inversely with [happiness]{mechanic:happiness}$ given by `(255 - happiness) * 2 / 5`$ to a maximum of 102.  Power bottoms out at 1.
125,0,5,5,safeguard,Protects Pok√©mon on the user's side of the [field]{mechanic:field} from [major status]{mechanic:major-status} effects and [confusion]{mechanic:confusion} for five turns.  Does not cancel existing ailments.  This effect remains even if the user leaves the [field]{mechanic:field}.If []{move:yawn} is used while this move is in effect$ it will immediately [fail]{mechanic:fail}.[]{move:defog} used by an opponent will end this effect.This effect does not prevent the [confusion]{mechanic:confusion} caused by []{move:outrage}$ []{move:petal-dance}$ or []{move:thrash}.
127,1,10,150,magnitude,Inflicts [regular damage]{mechanic:regular-damage}.  Power is selected at random between 10 and 150$ with an average of 71:Magnitude | Power | Chance--------: | ----: | -----:        4 |    10 |     5%        5 |    30 |    10%        6 |    50 |    20%        7 |    70 |    30%        8 |    90 |    20%        9 |   110 |    10%       10 |   150 |     5%This move has double power against Pok√©mon currently underground due to []{move:dig}.
128,0,0,0,baton-pass,User [switches out]{mechanic:switches-out}$ and the trainer selects a replacement Pok√©mon from the party.  [Stat]{mechanic:stat} changes$ [confusion]{mechanic:confusion}$ and persistent move effects are passed along to the replacement Pok√©mon.The following move effects are passed:* []{move:aqua-ring}* both the user's and target's effect of []{move:block}$ []{move:mean-look}$ and []{move:spider-web}* the curse effect of []{move:curse}* []{move:embargo}* []{move:focus-energy} or an activated []{item:lansat-berry}* []{move:gastro-acid}* []{move:ingrain}* being sapped by []{move:leech-seed}* being targeted by []{move:lock-on} or []{move:mind-reader}* []{move:magnet-rise}* []{move:perish-song}'s counter* []{move:power-trick}* []{move:substitute}; the doll's HP is unchangedThe replacement Pok√©mon does not trigger effects that respond to Pok√©mon switching in.
130,1,0,0,,Inflicts [regular damage]{mechanic:regular-damage}.  Removes []{move:leech-seed} from the user$ frees the user from []{move:bind}$ []{move:clamp}$ []{move:fire-spin}$ []{move:magma-storm}$ []{move:sand-tomb}$ []{move:whirlpool}$ and []{move:wrap}$ and clears []{move:spikes}$ []{move:stealth-rock}$ and []{move:toxic-spikes} from the user's side of the [field]{mechanic:field}.  If this move misses or has [no effect]{mechanic:no-effect}$ its effect doesn't activate.
136,1,0,0,hidden-power,Inflicts [regular damage]{mechanic:regular-damage}.  Power and type are determined by the user's [IV]{mechanic:iv}s.Power is given by `x * 40 / 63 + 30`.  `x` is obtained by arranging bit 1 from the [IV]{mechanic:iv} for each of [Special Defense]{mechanic:special-defense}$ [Special Attack]{mechanic:special-attack}$ [Speed]{mechanic:speed}$ [Defense]{mechanic:defense}$ [Attack]{mechanic:attack}$ and [HP]{mechanic:hp} in that order.  (Bit 1 is 1 if the [IV]{mechanic:iv} is of the form `4n + 2` or `4n + 3`.  `x` is then 64 * [Special Defense]{mechanic:special-defense} [IV]{mechanic:iv} bit 1$ plus 32 * [Special Attack]{mechanic:special-attack} [IV]{mechanic:iv} bit 1$ etc.)Power is always between 30 and 70$ inclusive.  Average power is 49.5.Type is given by `y * 15 / 63`$ where `y` is similar to `x` above$ except constructed from bit 0.  (Bit 0 is 1 if the [IV]{mechanic:iv} is odd.)  The result is looked up in the following table.Value | Type----: | --------    0 | []{type:fighting}    1 | []{type:flying}    2 | []{type:poison}    3 | []{type:ground}    4 | []{type:rock}    5 | []{type:bug}    6 | []{type:ghost}    7 | []{type:steel}    8 | []{type:fire}    9 | []{type:water}   10 | []{type:grass}   11 | []{type:electric}   12 | []{type:psychic}   13 | []{type:ice}   14 | []{type:dragon}   15 | []{type:dark}This move thus cannot be []{type:normal}.  Most other types have an equal 1/16 chance to be selected$ given random [IV]{mechanic:iv}s.  However$ due to the flooring used here$ []{type:bug}$ []{type:fighting}$ and []{type:grass} appear 5/64 of the time$ and []{type:dark} only 1/64 of the time.
137,0,0,0,sunny-day,Changes the weather to sunshine during which []{type:fire} moves inflict 50% extra damage$ and []{type:water} moves inflict half damage.Pok√©mon cannot become [frozen]{mechanic:frozen}.[]{move:thunder} has 50% accuracy.[]{move:solar-beam} skips its charge turn.Pok√©mon with []{ability:chlorophyll} have doubled original [Speed]{mechanic:speed}.Pok√©mon with []{ability:forecast} become []{type:fire}.Pok√©mon with []{ability:leaf-guard} are not affected by [major status effects]{mechanic:major-status-effects}.Pok√©mon with []{ability:flower-gift} change form; every Pok√©mon on their side of the [field]{mechanic:field} have their original [Attack]{mechanic:attack} and [Special Attack]{mechanic:special-attack} increased by 50%.Pok√©mon with []{ability:dry-skin} lose 1/8 max [HP]{mechanic:hp} at the end of each turn.Pok√©mon with []{ability:solar-power} have their original [Special Attack]{mechanic:special-attack} raised by 50% but lose 1/8 their max [HP]{mechanic:hp} at the end of each turn.
138,0,0,0,rain-dance,Changes the weather to rain during which []{type:water} moves inflict 50% extra damage$ and []{type:fire} moves inflict half damage.[]{move:thunder} has 100% accuracy.  If the target has used []{move:detect} or []{move:protect}$ []{move:thunder} has a (100 - accuracy)% chance to break through the protection.[]{move:solar-beam} has half power.Pok√©mon with []{ability:swift-swim} have doubled original [Speed]{mechanic:speed}.Pok√©mon with []{ability:forecast} become []{type:water}.Pok√©mon with []{ability:dry-skin} heal 1/8 max [HP]{mechanic:hp}$ Pok√©mon with []{ability:hydration} are cured of [major status effects]{mechanic:major-status-effects}$ and Pok√©mon with []{ability:rain-dish} heal 1/16 max [HP]{mechanic:hp} at the end of each turn.
139,0,0,0,sandstorm,Changes the weather to a sandstorm.  Pok√©mon that are not []{type:ground}$ []{type:rock}$ or []{type:steel} take 1/16 their max [HP]{mechanic:hp} at the end of every turn.  Every []{type:rock} Pok√©mon's original [Special Defense]{mechanic:special-defense} is raised by 50% for the duration of this effect.[]{move:solar-beam}'s power is halved.
140,0,0,0,hail,Changes the weather to hail during which non-[]{type:ice} Pok√©mon are damaged for 1/16 their max [HP]{mechanic:hp} at the end of every turn.[]{move:blizzard} has 100% accuracy.  If the target has used []{move:detect} or []{move:protect}$ []{move:blizzard} has a (100 - accuracy)% chance to break through the protection.Pok√©mon with []{ability:snow-cloak} are exempt from this effect's damage.
141,0,0,0,"morning-sun, synthesis, moonlight","heal for 1/4 max hp during rain, hail, sandstorm. Heal for 2/3 hp during sunlight. Heal for 1/2 hp otherwise."
143,0,0,0,belly-drum,User pays half its max [HP]{mechanic:hp} to raise its [Attack]{mechanic:attack} to +6 [stages]{mechanic:stage}.  If the user cannot pay the [HP]{mechanic:hp} cost$ this move will [fail]{mechanic:fail}.
144,0,0,0,psych-up,Discards the user's [stat changes]{mechanic:stat-changes} and copies the target's.
145,0,0,0,mirror-coat,when hit by a special attack user strikes back with 2x power. Type immunity applies but other type effects are ignored
146,1,1,1,skull-bash*,Inflicts [regular damage]{mechanic:regular-damage}.  Raises the user's [Defense]{mechanic:defense} by one [stage]{mechanic:stage}.  User then charges for one turn before attacking.This move cannot be selected by []{move:sleep-talk}.
148,1,0,0,earthquake,Inflicts [regular damage]{mechanic:regular-damage}.If the target is in the first turn of []{move:dig}$ this move will hit with double power.
149,1,2,2,future-sight and doom-desire,Deals damage after 2 turns
150,1,1,0,,double damage if opponent is using fly/bounce
152,1,1,1,solar-beam,Inflicts [regular damage]{mechanic:regular-damage}.  User charges for one turn before attacking.During []{move:sunny-day}$ the charge turn is skipped.During []{move:hail}$ []{move:rain-dance}$ or []{move:sandstorm}$ power is halved.This move cannot be selected by []{move:sleep-talk}.
156,0,1,1,{attacker} flew into the sky!,fly up on one turn$ attack on next
157,0,-1,-1,defense-curl,Raises user's [Defense]{mechanic:defense} by one [stage]{mechanic:stage}.After this move is used$ the power of []{move:ice-ball} and []{move:rollout} are doubled until the user leaves the [field]{mechanic:field}.
159,1,0,0,fake-out,Can only be used on the user's first turn after entering the [field]{mechanic:field}.
160,1,2,5,uproar,Inflicts [regular damage]{mechanic:regular-damage}.  User is forced to use this move for 2‚Äì5 turns$ selected at random.  All Pok√©mon on the [field]{mechanic:field} wake up$ and none can fall to [sleep]{mechanic:sleep} until the lock-in ends.Pok√©mon cannot use []{move:rest} during this effect.This move cannot be selected by []{move:sleep-talk}.
170,1,0,0,faÁade,Inflicts [regular damage]{mechanic:regular-damage}.  If the user is [burned]{mechanic:burned}$ [paralyzed]{mechanic:paralyzed}$ or [poisoned]{mechanic:poisoned}$ this move has double power.
171,1,0,0,focus-punch,Inflicts [regular damage]{mechanic:regular-damage}.  If the user takes damage this turn before hitting$ this move will [fail]{mechanic:fail}.This move cannot be copied by []{move:mirror-move}$ nor selected by []{move:assist}$ []{move:metronome}$ or []{move:sleep-talk}.
172,1,0,0,smelling-salts,Inflicts [regular damage]{mechanic:regular-damage}.  If the target is [paralyzed]{mechanic:paralyzed}$ this move has double power$ and the target is cured of its [paralysis]{mechanic:paralysis}.
174,1,0,0,nature-power,Uses another move chosen according to the terrain.Terrain                   | Selected move------------------------- | ------------------Building                  | []{move:tri-attack}Cave                      | []{move:rock-slide}Deep water                | []{move:hydro-pump}Desert                    | []{move:earthquake}Grass                     | []{move:seed-bomb}Mountain                  | []{move:rock-slide}Road                      | []{move:earthquake}Shallow water             | []{move:hydro-pump}Snow                      | []{move:blizzard}Tall grass                | []{move:seed-bomb}[]{move:electric-terrain} | []{move:thunderbolt}[]{move:grassy-terrain}   | []{move:energy-ball}[]{move:misty-terrain}    | []{move:moonblast}In Pok√©mon Battle Revolution:Terrain        | Selected move-------------- | ------------------Courtyard      | []{move:tri-attack}Crystal        | []{move:rock-slide}Gateway        | []{move:hydro-pump}Magma          | []{move:rock-slide}Main Street    | []{move:tri-attack}Neon           | []{move:tri-attack}Stargazer      | []{move:rock-slide}Sunny Park     | []{move:seed-bomb}Sunset         | []{move:earthquake}Waterfall      | []{move:seed-bomb}This move cannot be copied by []{move:mirror-move}.
175,0,1,1,charge,Raises the user's [Special Defense]{mechanic:special-defense} by one [stage]{mechanic:stage}.  If the user uses an []{type:electric} move next turn$ its power will be doubled.
176,1,3,5,taunt,Target is forced to only use damaging moves for the next 3‚Äì5 turns$ selected at random.  Moves that select other moves not known in advance do not count as damaging.[]{move:assist}$ []{move:copycat}$ []{move:me-first}$ []{move:metronome}$ []{move:mirror-move}$ and []{move:sleep-talk} do not directly inflict damage and thus may not be used.[]{move:bide}$ []{move:counter}$ []{move:endeavor}$ []{move:metal-burst}$ and []{move:mirror-coat} are allowed.
180,0,1,1,wish,At the end of the next turn$ user will be healed for half its max [HP]{mechanic:hp}.  If the user is [switched out]{mechanic:switched-out}$ its replacement will be healed instead for half of the user's max HP.  If the user [faint]{mechanic:faint}s or is forcefully switched by []{move:roar} or []{move:whirlwind}$ this effect will not activate.
182,0,-1,-1,ingrain,Prevents the user from [switching out]{mechanic:switching-out}.  User regains 1/16 of its max [HP]{mechanic:hp} at the end of every turn.  If the user was immune to []{type:ground} attacks$ it will now take normal damage from them.[]{move:roar} and []{move:whirlwind} will not affect the user.  The user cannot use []{move:magnet-rise}.The user may still use []{move:u-turn} to leave the [field]{mechanic:field}.This effect can be passed with []{move:baton-pass}.
184,0,0,0,magic-coat,The first non-damaging move targeting the user this turn that inflicts [major status effect]{mechanic:major-status-effect}s$ [stat change]{mechanic:stat-change}s$ or [trap]{mechanic:trap}ping effects will be reflected at its user.[]{move:defog}$ []{move:memento}$ and []{move:teeter-dance} are not reflected.[]{move:attract}$ []{move:flatter}$ []{move:gastro-acid}$ []{move:leech-seed}$ []{move:swagger}$ []{move:worry-seed}$ and []{move:yawn} are reflected.This move cannot be copied by []{move:mirror-move}.
186,1,-1,-1,,Deals double damage if the user was already damaged this turn
187,1,0,0,brick-break,Destroys any []{move:light-screen} or []{move:reflect} on the target's side of the [field]{mechanic:field}$ then inflicts [regular damage]{mechanic:regular-damage}.
188,1,1,1,yawn,Puts the target to [sleep]{mechanic:sleep} at the end of the next turn.  Ignores [accuracy]{mechanic:accuracy} and [evasion]{mechanic:evasion} modifiers.  If the target leaves the [field]{mechanic:field}$ this effect is canceled.  If the target has a status effect when this move is used$ this move will [fail]{mechanic:fail}.If the target is protected by []{move:safeguard} when this move is used$ this move will [fail]{mechanic:fail}.[]{ability:insomnia} and []{ability:vital-spirit} prevent the [sleep]{mechanic:sleep} if the target has either at the end of the next turn$ but will not cause this move to [fail]{mechanic:fail} on use.
190,1,0,0,endeavor,Inflicts exactly enough damage to lower the target's [HP]{mechanic:hp} to equal the user's.  If the target's HP is not higher than the user's$ this move has no effect.  Type immunity applies$ but other type effects are ignored.  This effect counts as damage for moves that respond to damage.
191,1,-1,-1,,Dealers greater damage the greater % the user's current health
194,0,0,0,refresh,Removes a [burn]{mechanic:burn}$ [paralysis]{mechanic:paralysis}$ or [poison]{mechanic:poison} from the user.
197,1,0,0,,does more damage based on enemy weight
198,1,0,0,secret-power,Inflicts [regular damage]{mechanic:regular-damage}.  Has a $effect_chance% chance to inflict an effect chosen according to the terrain.Terrain        | Effect-------------- | -------------------------------------------------------------Building       | [Paralyze]{mechanic:paralyze}s targetCave           | Makes target [flinch]{mechanic:flinch}Deep water     | Lowers target's [Attack]{mechanic:attack} by one [stage]{mechanic:stage}Desert         | Lowers target's [accuracy]{mechanic:accuracy} by one [stage]{mechanic:stage}Grass          | Puts target to [sleep]{mechanic:sleep}Mountain       | Makes target [flinch]{mechanic:flinch}Road           | Lowers target's [accuracy]{mechanic:accuracy} by one [stage]{mechanic:stage}Shallow water  | Lowers target's [Attack]{mechanic:attack} by one [stage]{mechanic:stage}Snow           | [Freezes]{mechanic:freezes} targetTall grass     | Puts target to [sleep]{mechanic:sleep}In Pok√©mon Battle Revolution:Terrain        | Effect-------------- | -------------------------------------------------------------Courtyard      | [Paralyze]{mechanic:paralyze}s targetCrystal        | Makes target [flinch]{mechanic:flinch}Gateway        | Lowers target's [Attack]{mechanic:attack} by one [stage]{mechanic:stage}Magma          | Makes target [flinch]{mechanic:flinch}Main Street    | [Paralyze]{mechanic:paralyze}s targetNeon           | [Paralyze]{mechanic:paralyze}s targetStargazer      | Makes target [flinch]{mechanic:flinch}Sunny Park     | Puts target to [sleep]{mechanic:sleep}Sunset         | Lowers target's [accuracy]{mechanic:accuracy} by one [stage]{mechanic:stage}Waterfall      | Puts target to [sleep]{mechanic:sleep}
202,1,-1,-1,mud-sport,[]{type:electric} moves inflict half damage$ regardless of target.  If the user leaves the [field]{mechanic:field}$ this effect ends.
204,1,0,0,weather-ball,Inflicts [regular damage]{mechanic:regular-damage}.  If a weather move is active$ this move has double power$ and its type becomes the type of the weather move.  []{move:shadow-sky} is typeless for the purposes of this move.
208,1,0,0,sky-uppercut,Inflicts [regular damage]{mechanic:regular-damage}.This move can hit Pok√©mon under the effect of []{move:bounce}$ []{move:fly}$ or []{move:sky-drop}.
211,1,-1,-1,water-sport,[]{type:fire} moves inflict half damage$ regardless of target.  If the user leaves the [field]{mechanic:field}$ this effect ends.
214,0,-1,-1,camouflage,User's type changes according to the terrain.Terrain        | New type-------------- | --------------Building       | []{type:normal}Cave           | []{type:rock}Desert         | []{type:ground}Grass          | []{type:grass}Mountain       | []{type:rock}Ocean          | []{type:water}Pond           | []{type:water}Road           | []{type:ground}Snow           | []{type:ice}Tall grass     | []{type:grass}
216,0,5,5,gravity,For five turns (including this one)$ all immunities to []{type:ground} moves are disabled.  For the duration of this effect$ the [evasion]{mechanic:evasion} of every Pok√©mon on the field is lowered by two [stages]{mechanic:stage}.  Cancels the effects of []{move:bounce}$ []{move:fly}$ and []{move:sky-drop}.Specifically$ []{type:flying} Pok√©mon and those with []{ability:levitate} or that have used []{move:magnet-rise} are no longer immune to []{type:ground} attacks$ []{ability:arena-trap}$ []{move:spikes}$ or []{move:toxic-spikes}.[]{move:bounce}$ []{move:fly}$ []{move:sky-drop}$ []{move:high-jump-kick}$ []{move:jump-kick}$ and []{move:splash} cannot be used while this move is in effect.*Bug*: If this move is used during a double or triple battle while Pok√©mon are under the effect of []{move:sky-drop}$ Sky Drop's effect is not correctly canceled on its target$ and it remains high in the air indefinitely.  As Sky Drop prevents the target from acting$ the only way to subsequently remove it from the field is to faint it.
217,0,-1,-1,miracle-eye,Resets the target's [evasion]{mechanic:evasion} to normal and prevents any further boosting until the target leaves the [field]{mechanic:field}.  A []{type:dark} Pok√©mon under this effect takes normal damage from []{type:psychic} moves.  This move itself ignores [accuracy]{mechanic:accuracy} and [evasion]{mechanic:evasion} modifiers.
218,1,0,0,wake-up-slap,Inflicts [regular damage]{mechanic:regular-damage}.  If the target is [sleep]{mechanic:sleep}ing$ this move has double power$ and the target wakes up.
220,1,0,0,gyro-ball,Inflicts [regular damage]{mechanic:regular-damage}.  Power increases with the target's current [Speed]{mechanic:speed} compared to the user$ given by `1 + 25 * target Speed / user Speed`$ capped at 150.
222,1,0,0,brine,Inflicts [regular damage]{mechanic:regular-damage}.  If the target has less than half its max [HP]{mechanic:hp} remaining$ this move has double power.
226,0,3,3,tailwind,For the next three turns$ all Pok√©mon on the user's side of the [field]{mechanic:field} have their original [Speed]{mechanic:speed} doubled.  This effect remains if the user leaves the [field]{mechanic:field}.
227,0,0,0,acupressure,Raises one of the user's stats by two [stages]{mechanic:stage}.  The raised stat is chosen at random from any stats that can be raised by two stages.  If no stat is eligible$ this move will [fail]{mechanic:fail}.If the user has a []{move:substitute}$ this move will have no effect.
228,1,0,0,metal-burst,Targets the last opposing Pok√©mon to hit the user with a damaging move this turn.  Inflicts 1.5√ó the damage that move did to the user.  If there is no eligible target$ this move will [fail]{mechanic:fail}.  Type immunity applies$ but other type effects are ignored.
231,1,0,0,payback,Inflicts [regular damage]{mechanic:regular-damage}.  If the target uses a move or [switches out]{mechanic:switches-out} this turn before this move is used$ this move has double power.
232,1,0,0,assurance,Inflicts [regular damage]{mechanic:regular-damage}.  If the target takes damage this turn for any reason before this move is used$ this move has double power.
235,1,0,0,psycho-shift,If the user has a [major status effect]{mechanic:major-status-effect} and the target does not$ the user's status is transferred to the target.
237,1,5,5,heal-block,For the next five turns$ the target may not use any moves that only restore [HP]{mechanic:hp}$ and move effects that heal the target are disabled.  Moves that steal [HP]{mechanic:hp} may still be used$ but will only inflict damage and not heal the target.
238,1,0,0,crush grip,Power directly relates to the target's relative remaining [HP]{mechanic:hp}$ given by `1 + 120 * current HP / max HP`$ to a maximum of 121.
239,0,-1,-1,power-trick,The user's original [Attack]{mechanic:attack} and [Defense]{mechanic:defense} are swapped.This effect is passed on by []{move:baton-pass}.
240,1,-1,-1,gastro-acid,The target's ability is disabled as long as it remains on the [field]{mechanic:field}.This effect is passed on by []{move:baton-pass}.
241,1,5,5,lucky-chant,For five turns$ opposing Pok√©mon cannot score [critical hits]{mechanic:critical-hit}.
244,0,-1,-1,power-swap,User swaps its [Attack]{mechanic:attack} and [Special Attack]{mechanic:special-attack} [stat modifiers]{mechanic:stat-modifiers} modifiers with the target.
245,0,-1,-1,guard-swap,User swaps its [Defense]{mechanic:defense} and [Special Defense]{mechanic:special-defense} modifiers with the target.
246,1,0,0,punishment,Inflicts [regular damage]{mechanic:regular-damage}.  Power starts at 60 and is increased by 20 for every [stage]{mechanic:stage} any of the target's stats has been raised$ capping at 200.  [Accuracy]{mechanic:accuracy} and [evasion]{mechanic:evasion} modifiers do not increase this move's power.
247,1,0,0,last-resort,Inflicts [regular damage]{mechanic:regular-damage}.  This move can only be used if each of the user's other moves has been used at least once since the user entered the [field]{mechanic:field}.  If this is the user's only move$ this move will [fail]{mechanic:fail}.
248,1,-1,-1,worry-seed,Changes the target's ability to []{ability:insomnia}.If the target's ability is []{ability:truant} or []{ability:multitype}$ this move will [fail]{mechanic:fail}.
249,1,0,0,sucker-punch,Inflicts [regular damage]{mechanic:regular-damage}.  If the target has not selected a damaging move this turn$ or if the target has already acted this turn$ this move will [fail]{mechanic:fail}.This move is not affected by []{ability:iron-fist}.
250,1,-1,-1,toxic-spikes,Scatters poisoned spikes around the opposing [field]{mechanic:field}$ which [poison]{mechanic:poison} opposing Pok√©mon that enter the [field]{mechanic:field}.  A second layer of these spikes may be laid down$ in which case Pok√©mon will be [badly poison]{mechanic:badly-poison}ed instead.  Pok√©mon immune to either []{type:ground} moves or being [poison]{mechanic:poison}ed are immune to this effect.  Pok√©mon otherwise immune to []{type:ground} moves are affected during []{move:gravity}.If a []{type:poison} Pok√©mon not immune to []{type:ground} moves enters a [field]{mechanic:field} covered with poisoned spikes$ the spikes are removed.[]{move:rapid-spin} will remove this effect from its user's side of the [field]{mechanic:field}.  []{move:defog} will remove this effect from its target's side of the [field]{mechanic:field}.This move does not trigger []{ability:synchronize}$ unless the Pok√©mon with []{ability:synchronize} was forced to enter the [field]{mechanic:field} by another effect such as []{move:roar}.Pok√©mon entering the [field]{mechanic:field} due to []{move:baton-pass} are not affected by this effect.
251,1,-1,-1,heart-swap,User swaps its [stat modifiers]{mechanic:stat-modifiers} with the target.
252,0,-1,-1,aqua-ring,Restores 1/16 of the user's max [HP]{mechanic:hp} at the end of each turn.  If the user leaves the [field]{mechanic:field}$ this effect ends.This effect is passed on by []{move:baton-pass}.
253,0,5,5,magnet-rise,For five turns$ the user is immune to []{type:ground} moves.If the user is under the effect of []{move:ingrain} or has []{ability:levitate}$ this move will [fail]{mechanic:fail}.This effect is temporarily disabled by and cannot be used during []{move:gravity}.This effect is passed on by []{move:baton-pass}.
254,1,0,0,flare-blitz,[Frozen]{mechanic:frozen} Pok√©mon may use this move$ in which case they will thaw.
256,1,1,1,dive,Inflicts [regular damage]{mechanic:regular-damage}.  User dives underwater for one turn$ becoming immune to attack$ and hits on the second turn.During the immune turn$ []{move:surf}$ and []{move:whirlpool} still hit the user normally$ and their power is doubled if appropriate.The user may be hit during its immune turn if under the effect of []{move:lock-on}$ []{move:mind-reader}$ or []{ability:no-guard}.This move cannot be selected by []{move:sleep-talk}.
257,1,1,1,dig,Inflicts [regular damage]{mechanic:regular-damage}.  User digs underground for one turn$ becoming immune to attack$ and hits on the second turn.During the immune turn$ []{move:earthquake}$ []{move:fissure}$ and []{move:magnitude} still hit the user normally$ and their power is doubled if appropriate.The user may be hit during its immune turn if under the effect of []{move:lock-on}$ []{move:mind-reader}$ or []{ability:no-guard}.This move cannot be selected by []{move:sleep-talk}.
258,1,0,0,,double damage if opponent using dive
259,0,0,0,defog,Lowers the target's [evasion]{mechanic:evasion} by one [stage]{mechanic:stage}.  Clears away fog.  Removes the effects of []{move:mist}$ []{move:light-screen}$ []{move:reflect}$ []{move:safeguard}$ []{move:spikes}$ []{move:stealth-rock}$ and []{move:toxic-spikes} from the target's side of the [field]{mechanic:field}.If the target is protected by []{move:mist}$ it will prevent the [evasion]{mechanic:evasion} change$ then be removed by this move.
260,0,5,5,trick-room,For five turns (including this one)$ slower Pok√©mon will act before faster Pok√©mon.  Move priority is not affected.  Using this move when its effect is already active will end the effect.Pok√©mon with []{ability:stall} ignore this effect.
264,1,1,1,bounce,Inflicts [regular damage]{mechanic:regular-damage}.  User bounces high into the air for one turn$ becoming immune to attack$ and hits on the second turn.  Has a $effect_chance% chance to [paralyze]{mechanic:paralyze} the target.During the immune turn$ []{move:gust}$ []{move:hurricane}$ []{move:sky-uppercut}$ []{move:smack-down}$ []{move:thunder}$ and []{move:twister} still hit the user normally.  []{move:gust} and []{move:twister} also have double power against the user.The damage from []{move:hail} and []{move:sandstorm} still applies during the immune turn.The user may be hit during its immune turn if under the effect of []{move:lock-on}$ []{move:mind-reader}$ or []{ability:no-guard}.This move cannot be used while []{move:gravity} is in effect.This move cannot be selected by []{move:sleep-talk}.
266,1,0,0,captivate,Lowers the target's [Special Attack]{mechanic:special-attack} by two [stages]{mechanic:stage}.  If the user and target are the same gender$ or either is genderless$ this move will [fail]{mechanic:fail}.
267,1,-1,-1,Sharp stones damage {defender}.,stealth rock$ 1/8 damage per substitution$ affected by super/not very effect multipliers but not stab
273,0,1,1,{attacker} disappeared!,disappear for one turn$ then attack
284,1,0,0,venoshock,Inflicts [regular damage]{mechanic:regular-damage}.  If the target is [poisoned]{mechanic:poisoned}$ this move has double power.
288,1,-1,-1,smack-down,Inflicts [regular damage]{mechanic:regular-damage}.  Removes the target's [immunity]{mechanic:immune} to []{type:ground}-type damage.  This effect removes any existing Ground immunity due to []{ability:levitate}$ []{move:magnet-rise}$ or []{move:telekinesis}$ and causes the target's []{type:flying} type to be ignored when it takes Ground damage.If the target isn't immune to Ground damage$ this move will [fail]{mechanic:fail}.This move can hit Pok√©mon under the effect of []{move:bounce}$ []{move:fly}$ or []{move:sky-drop}$ and ends the effect of Bounce or Fly.
292,1,0,0,heavy-slam,Inflicts [regular damage]{mechanic:regular-damage}.  The greater the user's weight compared to the target's$ the higher power this move has$ to a maximum of 120.User's weight                    | Power-------------------------------- | ----:Up to 2√ó the target's weight     |    40Up to 3√ó the target's weight     |    60Up to 4√ó the target's weight     |    80Up to 5√ó the target's weight     |   100More than 5√ó the target's weight |   120
294,1,0,0,electro-ball,Inflicts [regular damage]{mechanic:regular-damage}.  The greater the user's [Speed]{mechanic:speed} compared to the target's$ the higher power this move has$ to a maximum of 150.Power: Up to 2x the target's Speed: 60 | Up to 3x the target's Speed: 80 | Up to 4x the target's Speed: 120 | More than 4x the target's Speed: 150
311,1,-1,-1,hex,Inflicts [regular damage]{mechanic:regular-damage}.  If the target has a [major status ailment]{mechanic:major-status-ailment}$ this move has double power.
317,0,-1,-1,growth,Raises the user's [Attack]{mechanic:attack} and [Special Attack]{mechanic:special-attack} by one [stage]{mechanic:stage} each.  During []{move:sunny-day}$ raises both stats by two stages.
