pokemon_id,name,type1,type2,hp,attack,defense,special attack,special defense,speed,iv_gain,capture_rate,base_pokemon_id,description
1,Bulbasaur,12,4,45,49,49,65,65,45,4,20,1,The seed on its back is filled with nutrients. The seed grows steadily larger as its body grows.
2,Ivysaur,12,4,60,62,63,80,80,60,4,20,2,Exposure to sunlight adds to its strength. Sunlight also makes the bud on its back grow larger.
3,Venusaur,12,4,80,82,83,100,100,80,4,20,3,By spreading the broad petals of its flower and catching the sun's rays$ it fills its body with power.
4,Charmander,10,0,39,52,43,60,50,65,5,20,4,The flame on its tail shows the strength of its life force. If it is weak$ the flame also burns weakly.
5,Charmeleon,10,0,58,64,58,80,65,80,5,20,5,It is very hotheaded by nature$ so it constantly seeks opponents. It calms down only when it wins.
6,Charizard,10,3,78,84,78,109,85,100,3,20,6,If CHARIZARD becomes furious$ the flame at the tip of its tail flares up in a light blue shade.
7,Squirtle,11,0,44,48,65,50,64,43,2,20,7,The shell is soft when it is born. It soon becomes so resilient$ prodding fingers will bounce off it.
8,Wartortle,11,0,59,63,80,65,80,58,4,20,8,It is a well-established symbol of longevity. If its shell has algae on it$ that WARTORTLE is very old.
9,Blastoise,11,0,79,83,100,85,105,78,4,20,9,It deliberately makes itself heavy so it can withstand the recoil of the water jets it fires.
10,Caterpie,7,0,45,30,35,20,20,45,5,100,10,For protection$ it releases a horrible stench from the antennae on its head to drive away enemies.
11,Metapod,7,0,50,20,55,25,25,30,2,50,11,Inside the shell$ it is soft and weak as it prepares to evolve. It stays motionless in the shell.
12,Butterfree,7,3,60,45,50,90,80,70,3,20,12,It collects honey every day. It rubs honey onto the hairs on its legs to carry it back to its nest.
13,Weedle,7,4,40,35,30,20,20,50,5,100,13,Its poison stinger is very powerful. Its bright-colored body is intended to warn off its enemies.
14,Kakuna,7,4,45,25,50,25,25,35,2,50,14,Although it is a cocoon$ it can move a little. It can extend its poison barb if it is attacked.
15,Beedrill,7,4,65,90,40,45,80,75,1,20,15,It can take down any opponent with its powerful poison stingers. It sometimes attacks in swarms.
16,Pidgey,1,3,40,45,40,35,35,56,5,100,16,It usually hides in tall grass. Because it dislikes fighting$ it protects itself by kicking up sand.
17,Pidgeotto,1,3,63,60,55,50,50,71,5,50,17,It has outstanding vision. However high it flies$ it is able to distinguish the movements of its prey.
18,Pidgeot,1,3,83,80,75,70,70,101,5,20,18,Its well-developed chest muscles make it strong enough to whip up a gusty windstorm with just a few flaps.
19,Rattata,1,0,30,56,35,25,35,72,5,100,19,It eats anything. Wherever food is available$ it will settle down and produce offspring continuously.
20,Raticate,1,0,55,81,60,50,70,97,5,50,20,Gnaws on anything with its tough fangs. It can even topple concrete buildings by gnawing on them.
21,Spearow,1,3,40,60,30,31,31,70,5,100,21,It flaps its short wings to flush out insects from tall grass. It then plucks them with its stubby beak.
22,Fearow,1,3,65,90,65,61,61,100,5,40,22,It shoots itself suddenly high into the sky$ then plummets down in one fell swoop to strike its prey.
23,Ekans,4,0,35,60,44,40,54,55,1,100,23,It can freely detach its jaw to swallow large prey whole. It can become too heavy to move$ however.
24,Arbok,4,0,60,95,69,65,79,80,1,40,24,Transfixing prey with the face-like pattern on its belly$ it binds and poisons the frightened victim.
25,Pikachu,13,0,35,55,40,50,50,90,5,75,25,This intelligent Pokemon roasts hard berries with electricity to make them tender enough to eat.
26,Raichu,13,0,60,90,55,90,80,110,5,30,26,When its electricity builds$ its muscles are stimulated$ and it becomes more aggressive than usual.
27,Sandshrew,5,0,50,75,85,20,30,40,2,100,27,If it fell from a great height$ this Pokemon could save itself by rolling into a ball and bouncing.
28,Sandslash,5,0,75,100,110,45,55,65,2,40,28,In an attempt to hide itself$ it will run around at top speed to kick up a blinding dust storm.
29,Nidoran ¬,4,0,55,47,52,40,40,41,0,95,29,The poison hidden in its small horn is extremely potent. Even a tiny scratch can have fatal results.
30,Nidorina,4,0,70,62,67,55,55,56,0,50,30,When feeding its young$ it first chews the food into a paste$ then spits it out for the offspring.
31,Nidoqueen,4,5,90,92,87,75,85,76,1,20,31,Its body is covered with needle-like scales. It never shows signs of shrinking from any attack.
32,Nidoran £,4,0,46,57,40,40,40,50,1,95,32,It is small$ but its horn is filled with poison. It charges then stabs with the horn to inject poison.
33,Nidorino,4,0,61,72,57,55,55,65,1,50,33,It raises its big ears to check its surroundings. If it senses anything$ it attacks immediately.
34,Nidoking,4,5,81,102,77,85,75,85,1,20,34,It swings its big tail around during battle. If its foe flinches$ it will charge with its sturdy body.
35,Clefairy,18,0,70,45,48,60,65,35,0,60,35,The moonlight that it stores in the wings on its back apparently gives it the ability to float in midair.
36,Clefable,18,0,95,70,73,95,90,60,3,10,36,With its acute hearing$ it can pick up sounds from far away. It usually hides in quiet places.
37,Vulpix,10,0,38,41,40,50,65,65,4,75,37,As it develops$ its single white tail gains color and splits into six. It is quite warm and cuddly.
38,Ninetales,10,0,73,76,75,81,100,100,4,30,38,Some legends claim that each of its nine tails has its own unique type of special mystical power.
39,Jigglypuff,1,18,115,45,20,45,25,20,0,70,39,If it inflates to sing a lullaby$ it can perform longer and cause sure drowsiness in its audience.
40,Wigglytuff,1,18,140,70,45,85,50,45,0,20,40,Their fur feels so good that if two of them snuggle together$ they won't want to be separated.
41,Zubat,4,3,40,45,35,30,40,55,5,100,41,While flying$ it constantly emits ultrasonic waves from its mouth to check its surroundings.
42,Golbat,4,3,75,80,70,65,75,90,5,40,42,However hard its victim's hide may be$ it punctures with sharp fangs and gorges itself with blood.
43,Oddish,12,4,45,50,55,75,65,30,3,100,43,Awakened by moonlight$ it roams actively at night. In the day$ it stays quietly underground.
44,Gloom,12,4,60,65,70,85,75,40,3,50,44,What appears to be drool is actually sweet honey. It is very sticky and clings stubbornly if touched.
45,Vileplume,12,4,75,80,85,110,90,50,3,20,45,It has the world's largest petals. With every step$ the petals shake out heavy clouds of toxic pollen.
46,Paras,7,12,35,70,55,45,55,25,1,75,46,It is doused with mushroom spores when it is born. As its body grows$ mushrooms sprout from its back.
47,Parasect,7,12,60,95,80,60,80,30,1,30,47,It stays mostly in dark$ damp places$ the preference not of the bug$ but of the big mushroom on its back.
48,Venonat,7,4,60,55,50,40,55,45,0,75,48,Its eyes also function as radar units. It catches and eats small bugs that hide in darkness.
49,Venomoth,7,4,70,65,60,90,75,90,3,30,49,When it attacks$ it flaps its large wings violently to scatter its poisonous powder all around.
50,Diglett,5,0,10,55,25,35,45,95,5,100,50,Its skin is very thin. If it is exposed to light$ its blood heats up$ causing it to grow weak.
51,Dugtrio,5,0,35,100,50,50,70,120,5,20,51,Its three heads bob separately up and down to loosen the soil nearby$ making it easier for it to burrow.
52,Meowth,1,0,40,45,35,40,40,90,5,100,52,It is fascinated by round objects. It can't stop playing with them until it tires and falls asleep.
53,Persian,1,0,65,70,60,65,65,115,5,40,53,Many adore it for its sophisticated air. However$ it will lash out and scratch for little reason.
54,Psyduck,11,14,50,52,48,65,50,55,3,75,54,It has mystical powers but doesn't recall that it has used them. That is why it always looks puzzled.
55,Golduck,11,14,80,82,78,95,80,85,3,30,55,When it swims at full speed using its long$ webbed limbs$ its forehead somehow begins to glow.
56,Mankey,2,0,40,80,35,35,45,70,1,75,56,It is extremely ill-tempered. Groups of them will attack any handy target for no reason.
57,Primeape,2,0,65,105,60,60,70,95,1,30,57,If approached while asleep$ it may awaken and angrily give chase in a groggy state of semi-sleep.
58,Growlithe,10,0,55,70,45,70,50,60,3,75,58,It has a brave and trustworthy nature. It fearlessly stands up to bigger and stronger foes.
59,Arcanine,10,0,90,110,80,100,80,95,1,30,59,This legendary Chinese Pokemon is considered magnificent. Many people are enchanted by its grand mane.
60,Poliwag,11,0,40,50,40,40,40,90,5,100,60,Because it is inept at walking on its newly grown legs$ it always  swims around in water.
61,Poliwhirl,11,0,65,65,65,50,50,90,5,50,61,The swirl on its belly subtly undulates. Staring at it may gradually cause drowsiness.
62,Poliwrath,11,2,90,95,95,70,90,90,1,20,62,This strong and skilled swimmer is even capable of crossing the Pacific Ocean just by kicking.
63,Abra,14,0,25,20,15,105,55,90,3,80,63,It senses impending attacks and teleports away to safety before the actual attacks can strike.
64,Kadabra,14,0,40,35,30,120,70,105,3,40,64,It possesses strong spiritual power. The more danger it faces$ the stronger its psychic power.
65,Alakazam,14,0,55,50,45,135,95,120,3,20,65,Closing both its eyes heightens all its other senses. This enables it to use its abilities to their extremes.
66,Machop,2,0,70,80,50,35,35,35,1,75,66,Always brimming with power$ it passes time by lifting boulders. Doing so makes it even stronger.
67,Machoke,2,0,80,100,70,50,60,45,1,40,67,It always goes at its full power$ but this very tough and durable Pokemon never gets tired.
68,Machamp,2,0,90,130,80,65,85,55,1,20,68,It quickly swings its four arms to rock its opponents with ceaseless punches and chops from all angles.
69,Bellsprout,12,4,50,75,35,70,30,40,1,100,69,Even though its body is extremely skinny$ it is blindingly fast when catching its prey.
70,Weepinbell,12,4,65,90,50,85,45,55,1,50,70,Even though it is filled with acid$ it does not melt because it also oozes a protective fluid.
71,Victreebel,12,4,80,105,65,100,70,70,1,20,71,Acid that has dissolved many prey becomes sweeter$ making it even more effective at attracting prey.
72,Tentacool,11,4,40,40,35,50,100,70,4,75,72,When the tide goes out$ dehydrated TENTACOOL remains can be found washed up on the shore.
73,Tentacruel,11,4,80,70,65,80,120,100,4,25,73,Its 80 tentacles absorb water and stretch almost endlessly to constrict its prey and enemies.
74,Geodude,6,5,40,80,100,30,30,20,2,100,74,Most people may not notice$ but a closer look should reveal that there are many GEODUDE around.
75,Graveler,6,5,55,95,115,45,45,35,2,50,75,With a free and uncaring nature$ it doesn't mind if pieces break off while it rolls down mountains.
76,Golem,6,5,80,120,130,55,65,45,2,20,76,It sheds its skin once a year. The discarded shell immediately hardens and crumbles away.
77,Ponyta,10,0,50,85,55,65,65,90,5,75,77,It is a weak runner immediately after birth. It gradually becomes faster by chasing after its parents.
78,Rapidash,10,0,65,100,70,80,80,105,5,25,78,At full gallop$ its four hooves barely touch the ground because it moves so incredibly fast.
79,Slowpoke,11,14,90,65,65,40,40,15,0,75,79,It lazes vacantly near water. If something bites its tail$ it won't even notice for a whole day.
80,Slowbro,11,14,95,75,110,100,80,30,2,30,80,If the tail-biting SHELLDER is thrown off in a harsh battle$ it reverts to being an ordinary SLOWPOKE.
81,Magnemite,13,9,25,35,70,95,55,45,3,75,81,It is attracted by electromagnetic waves. It may approach Trainers if they are using their Pokegear.
82,Magneton,13,9,50,60,95,120,70,70,3,25,82,Three MAGNEMITE are linked by a strong magnetic force. Earaches will occur if you get too close.
83,Farfetch'd,1,3,52,90,55,58,62,60,1,20,83,If anyone tries to disturb where the essential plant stalks grow$ it uses its own stalk to thwart them.
84,Doduo,1,3,35,85,45,35,35,75,1,75,84,By alternately raising and lowering its two heads$ it balances itself to be more stable while running.
85,Dodrio,1,3,60,110,70,60,60,110,1,20,85,It collects data and plans three times as wisely$ but it may think too much and fall into a state of immobility.
86,Seel,11,0,65,45,55,45,70,45,4,75,86,Although it can't walk well on land$ it is a graceful swimmer. It especially loves being in frigid seas.
87,Dewgong,11,15,90,70,80,70,95,70,4,30,87,Its streamlined body has little drag in water. The colder the temperature$ the friskier it gets.
88,Grimer,4,0,80,80,50,40,50,25,0,75,88,As it moves$ it loses bits of its body$ from which new GRIMER emerge. This worsens the stench around it.
89,Muk,4,0,105,105,75,65,100,50,0,30,89,They love to gather in smelly areas where sludge accumulates$ making the stench around them worse.
90,Shellder,11,0,30,65,100,45,25,40,2,75,90,It swims facing backward by opening and closing its two-piece shell. It is surprisingly fast.
91,Cloyster,11,15,50,95,180,85,45,70,2,25,91,Once it slams its shell shut$ it is impossible to open$ even by those with superior strength.
92,Gastly,8,4,30,35,30,100,35,80,3,75,92,With its gas-like body$ it can sneak into any place it desires. However$ it can be blown away by wind.
93,Haunter,8,4,45,50,45,115,55,95,3,40,93,In total darkness$ where nothing is visible$ HAUNTER lurks$ silently stalking its next victim.
94,Gengar,8,4,60,65,60,130,75,110,3,20,94,It steals heat from its surroundings. If you feel a sudden chill$ it is certain that a GENGAR appeared.
95,Onix,6,5,35,45,160,30,45,70,2,20,95,It twists and squirms through the ground. The thunderous roar of its tunneling echoes a long way.
96,Drowzee,14,0,60,48,45,43,90,42,4,75,96,If you think that you had a good dream but you can't remember it$ a DROWZEE has probably eaten it.
97,Hypno,14,0,85,73,70,73,115,67,4,30,97,When it is very hungry$ it puts humans it meets to sleep$ then it feasts on their dreams.
98,Krabby,11,0,30,105,90,25,25,50,1,90,98,If it senses danger approaching$ it cloaks itself with bubbles from its mouth so it will look bigger.
99,Kingler,11,0,55,130,115,50,50,75,1,25,99,It can hardly lift its massive$ overgrown pincer. The pincer's size makes it difficult to aim properly.
100,Voltorb,13,0,40,30,50,55,55,100,5,75,100,It rolls to move. If the ground is uneven$ a sudden jolt from hitting a bump can cause it to explode.
101,Electrode,13,0,60,50,70,80,80,150,5,25,101,It is dangerous. If it has too much electricity and has nothing to do$ it amuses itself by exploding.
102,Exeggcute,12,14,60,40,80,60,45,40,2,40,102,Their shells are very durable. Even if they crack$ they can survive without spilling their contents.
103,Exeggutor,12,14,95,95,85,125,75,55,3,20,103,Its three heads think independently. However$ they are friendly and never appear to squabble.
104,Cubone,5,0,50,50,95,40,50,35,2,75,104,If it is sad or lonely$ the skull it wears shakes and emits a plaintive and mournful sound.
105,Marowak,5,0,60,80,110,50,80,45,2,30,105,It has been seen pounding boulders with the bone it carries in order to tap out messages to others.
106,Hitmonlee,2,0,50,120,53,35,110,87,1,20,106,This amazing Pokemon has an awesome sense of balance. It can kick in succession from any position.
107,Hitmonchan,2,0,50,105,79,35,110,76,4,20,107,Its punches slice the air. However$ it seems to need a short break after fighting for three minutes.
108,Lickitung,1,0,90,55,75,60,75,30,0,20,108,Its tongue has well-developed nerves that run to the very tip$ so it can be deftly manipulated.
109,Koffing,4,0,40,65,95,60,45,35,2,75,109,Its thin$ filmy body is filled with gases that cause constant sniffles$ coughs and teary eyes.
110,Weezing,4,0,65,90,120,85,70,60,2,25,110,If one of the twin KOFFING inflates$ the other one deflates. It constantly mixes its poisonous gases.
111,Rhyhorn,5,6,80,85,95,30,30,25,2,50,111,It is inept at turning because of its four short legs. It can only charge and run in one direction.
112,Rhydon,5,6,105,130,120,45,45,40,1,25,112,Its rugged hide protects it from even the heat of lava. However$ the hide also makes it insensitive.
113,Chansey,1,18,250,5,5,35,105,50,0,15,113,It walks carefully to prevent its egg from breaking. However$ it is extremely fast at running away.
114,Tangela,12,0,65,55,115,100,40,60,2,20,114,The vines that cloak its entire body are always jiggling. They effectively unnerve its foes.
115,Kangaskhan,1,0,105,95,80,40,80,90,0,20,115,If it is safe$ the young gets out of the belly pouch to play. The adult keeps a close eye on the youngster.
116,Horsea,11,0,30,40,70,70,25,60,3,90,116,If attacked by a larger enemy$ it quickly swims to safety by adeptly controlling its well-developed dorsal fin.
117,Seadra,11,0,55,65,95,95,45,85,3,30,117,An examination of its cells revealed the presence of a gene not found in HORSEA. It became a hot topic.
118,Goldeen,11,0,45,67,60,35,50,63,1,90,118,Its dorsal$ pectoral and tail fins wave elegantly in water. That is why it is known as the water dancer.
119,Seaking,11,0,80,92,65,65,80,68,1,25,119,During spawning season$ SEAKING gather from all over$ causing rivers to appear a brilliant red.
120,Staryu,11,0,30,45,55,70,55,85,5,90,120,At night$ the middle of its body slowly flickers with the same rhythm as a human heartbeat.
121,Starmie,11,14,60,75,85,100,85,115,5,25,121,The middle section of its body is called the core. It glows in a different color each time it is seen.
122,Mr. Mime,14,18,40,45,65,100,120,90,4,20,122,A skilled mime from birth$ it gains the ability to create invisible objects as it matures.
123,Scyther,7,3,70,110,80,55,80,105,1,20,123,It slashes through grass with its sharp scythes$ moving too fast for the human eye to track.
124,Jynx,15,14,65,50,35,115,95,95,3,20,124,It rocks its body rhythmically. It appears to alter the rhythm depending on how it is feeling.
125,Electabuzz,13,0,65,83,57,95,85,105,5,20,125,Electricity runs across the surface of its body. In darkness$ its entire body glows a whitish-blue.
126,Magmar,10,0,65,95,57,100,85,93,3,20,126,It dislikes cold places$ so it blows scorching flames to make the environment suitable for itself.
127,Pinsir,7,0,65,125,100,55,70,85,1,20,127,With its pincer horns$ it digs burrows to sleep in at night. In the morning$ damp soil clings to its body.
128,Tauros,1,0,75,100,95,40,70,110,5,20,128,They fight each other by locking horns. The herd's protector takes pride in its battle-scarred horns.
129,Magikarp,11,0,20,10,55,15,20,80,5,100,129,An underpowered$ pathetic Pokemon. It may jump high on rare occasions$ but usually not more than seven feet.
130,Gyarados,11,16,95,125,79,60,100,81,1,20,130,They say that during past strife$ GYARADOS would appear and leave blazing ruins in its wake.
131,Lapras,11,15,130,85,80,85,95,60,0,20,131,They have gentle hearts. Because they rarely fight$ many have been caught. Their number has dwindled.
132,Ditto,1,0,48,48,48,48,48,48,0,15,132,It can transform into anything. When it sleeps$ it changes into a stone to avoid being attacked.
133,Eevee,1,0,55,55,50,45,65,55,4,20,133,It has the ability to alter the composition of its body to suit its surrounding environment.
134,Vaporeon,11,0,130,65,60,110,95,65,0,20,134,When VAPOREON's fins begin to vibrate$ it is a sign that rain will come within a few hours.
135,Jolteon,13,0,65,65,60,110,95,130,5,20,135,It concentrates the weak electric charges emitted by its cells and launches wicked lightning bolts.
136,Flareon,10,0,65,130,60,95,110,65,1,20,136,It stores some of the air it inhales in its internal flame pouch$ which heats it to over 3$000 degrees Fahrenheit.
137,Porygon,1,0,65,60,70,85,75,40,3,20,137,It is a manmade Pokemon. Since it doesn't breathe$ people are eager to try it in any environment.
138,Omanyte,6,11,35,40,100,90,55,35,2,20,138,Revived from an ancient fossil$ this Pokemon uses air stored in its shell to sink and rise in water.
139,Omastar,6,11,70,60,125,115,70,55,2,20,139,Apparently$ it cracked SHELLDER's shell with its sharp fangs and sucked out the insides.
140,Kabuto,6,11,30,80,90,55,45,55,2,20,140,On rare occasions$ some have been found as fossils which they became while hiding on the ocean floor.
141,Kabutops,6,11,60,115,105,65,70,80,1,20,141,In the water$ it tucks in its limbs to become more compact$ then it wiggles its shell to swim fast.
142,Aerodactyl,6,3,80,105,65,60,75,130,5,20,142,A vicious Pokemon from the distant past$ it appears to have flown by spreading its wings and gliding.
143,Snorlax,1,0,160,110,65,65,110,30,0,10,143,What sounds like its cry may actually be its snores or the rumblings of its hungry belly.
144,Articuno,15,3,90,85,100,95,125,85,4,2,144,The magnificent$ seemingly translucent wings of this legendary bird Pokemon are said to be made of ice.
145,Zapdos,13,3,90,90,85,125,90,100,3,2,145,This legendary bird Pokemon causes savage thunderstorms by flapping its glittering wings.
146,Moltres,10,3,90,100,90,125,85,90,3,2,146,This legendary Pokemon scatters embers with every flap of its wings. It is a thrilling sight to behold.
147,Dratini,16,0,41,64,45,50,50,50,1,20,147,It is born large to start with. It repeatedly sheds its skin as it steadily grows longer.
148,Dragonair,16,0,61,84,65,70,70,70,1,20,148,They say that if it emits an aura from its whole body$ the weather will begin to change instantly.
149,Dragonite,16,3,91,134,95,100,100,80,1,20,149,It is said that this Pokemon constantly flies over the immense seas and rescues drowning people.
150,Mewtwo,14,0,106,110,90,154,90,130,3,2,150,Because its battle abilities were raised to the ultimate level$ it thinks only of defeating its foes.
151,Mew,14,0,100,100,100,100,100,100,3,20,151,Apparently$ it appears only to those people who are pure of heart and have a strong desire to see it.
152,Chikorita,12,0,45,49,65,49,65,45,4,20,152,A sweet aroma gently wafts from the leaf on its head. It is docile and loves to soak up sunrays.
153,Bayleef,12,0,60,62,80,63,80,60,4,20,153,The scent of spices comes from around its neck. Somehow$ sniffing it makes you want to fight.
154,Meganium,12,0,80,82,100,83,100,80,4,20,154,The aroma that rises from its petals contains a substance that calms aggressive feelings.
155,Cyndaquil,10,0,39,52,43,60,50,65,5,20,155,It is timid$ and always curls itself up in a ball. If attacked$ it flares up its back for protection.
156,Quilava,10,0,58,64,58,80,65,80,5,20,156,Be careful if it turns its back during battle. It means that it will attack with the fire on its back.
157,Typhlosion,10,0,78,84,78,109,85,100,3,20,157,If its rage peaks$ it becomes so hot that anything that touches it will instantly go up in flames.
158,Totodile,11,0,50,65,64,44,48,43,1,20,158,Its powerful$ well-developed jaws are capable of crushing anything. Even its Trainer must be careful.
159,Croconaw,11,0,65,80,80,59,63,58,1,20,159,If it loses a fang$ a new one grows back in its place. There are always 48 fangs lining its mouth.
160,Feraligatr,11,0,85,105,100,79,83,78,1,20,160,When it bites with its massive and powerful jaws$ it shakes its head and savagely tears its victim up.
161,Sentret,1,0,35,46,34,35,45,20,1,100,161,A very cautious Pokemon$ it raises itself up using its tail to get a better view of its surroundings.
162,Furret,1,0,85,76,64,45,55,90,5,40,162,It makes a nest to suit its long and skinny body. The nest is impossible for other Pokemon to enter.
163,Hoothoot,1,3,60,30,30,36,56,50,0,100,163,It always stands on one foot. It changes feet so fast$ the movement can rarely be seen.
164,Noctowl,1,3,100,50,50,86,96,70,0,40,164,Its eyes are specially adapted. They concentrate even faint light and enable it to see in the dark.
165,Ledyba,7,3,40,20,30,40,80,55,4,100,165,It is very timid. It will be afraid to move if it is alone. But it will be active if it is in a group.
166,Ledian,7,3,55,35,50,55,110,85,4,40,166,When the stars flicker in the night sky$ it flutters about$ scattering a glowing powder.
167,Spinarak,7,4,40,60,40,40,40,30,1,100,167,It lies still in the same pose for days in its web$ waiting for its unsuspecting prey to wander close.
168,Ariados,7,4,70,90,70,60,70,40,1,40,168,It spins string not only from its rear but also from its mouth. It's hard to tell which end is which.
169,Crobat,4,3,85,90,80,70,80,130,5,40,169,It flies so silently through the dark on its four wings that it may not be noticed even when nearby.
170,Chinchou,11,13,75,38,38,56,56,67,0,75,170,It shoots positive and negative electricity between the tips of its two antennae and zaps its enemies.
171,Lanturn,11,13,125,58,58,76,76,67,0,30,171,The light it emits is so bright that it can illuminate the sea's surface from a depth of over three miles.
172,Pichu,13,0,20,40,15,35,35,60,5,75,172,It is not yet skilled at storing electricity. It may send out a jolt if amused or startled.
173,Cleffa,18,0,50,25,28,45,55,15,4,60,173,Because of its unusual$ starlike silhouette$ people believe that it came here on a meteor.
174,Igglybuff,1,18,90,30,15,40,20,15,0,70,174,It has a very soft body. If it starts to roll$ it will bounce all over and be impossible to stop.
175,Togepi,18,0,35,20,65,40,65,20,4,75,175,The shell seems to be filled with joy. It is said that it will share good luck when treated kindly.
176,Togetic,18,3,55,40,85,80,105,40,4,30,176,They say that it will appear before kindhearted$ caring people and shower them with happiness.
177,Natu,14,3,40,50,45,70,45,70,5,75,177,Because its wings aren't yet fully grown$ it has to hop to get around. It is always staring at something.
178,Xatu,14,3,65,75,70,95,70,95,5,30,178,They say that it stays still and quiet because it is seeing both the past and future at the same time.
179,Mareep,13,0,55,40,40,65,45,35,3,95,179,If static electricity builds in its body$ its fleece doubles in volume. Touching it will shock you.
180,Flaaffy,13,0,70,55,55,80,60,45,3,50,180,As a result of storing too much electricity$ it developed patches where even downy wool won't grow.
181,Ampharos,13,0,90,75,85,115,90,55,3,20,181,The tail's tip shines brightly and can be seen from far away. It acts as a beacon for lost people.
182,Bellossom,12,0,75,80,95,90,100,50,4,20,182,BELLOSSOM gather at times and seem to dance. They say that the dance is a ritual to summon the sun.
183,Marill,11,18,70,20,50,20,50,40,0,75,183,The tip of its tail$ which contains oil that is lighter than water$ lets it swim without drowning.
184,Azumarill,11,18,100,50,80,60,80,50,0,30,184,By keeping still and listening intently$ it can tell what is in even wild$ fast-moving rivers.
185,Sudowoodo,6,0,70,100,115,30,65,30,2,30,185,Although it always pretends to be a tree$ its composition appears more similar to rock than to vegetation.
186,Politoed,11,0,90,75,75,90,100,70,4,20,186,If POLIWAG and POLIWHIRL hear its echoing cry$ they respond by gathering from far and wide.
187,Hoppip,12,3,35,35,40,35,55,50,4,100,187,To keep from being blown away by the wind$ they gather in clusters. But they do enjoy gentle breezes.
188,Skiploom,12,3,55,45,50,45,65,80,5,50,188,The bloom on top of its head opens and closes as the temperature fluctuates up and down.
189,Jumpluff,12,3,75,55,70,55,95,110,5,20,189,Once it catches the wind$ it deftly controls its cotton-puff spores-- it can even float around the world.
190,Aipom,1,0,55,70,55,40,55,85,5,20,190,Its tail is so powerful that it can use it to grab a tree branch and hold itself up in the air.
191,Sunkern,12,0,30,30,30,30,30,30,3,95,191,It may plummet from the sky. If attacked by a SPEAROW$ it will violently shake its leaves.
192,Sunflora,12,0,75,75,55,105,85,30,3,50,192,It converts sunlight into energy. In the darkness after sunset$ it closes its petals and becomes still.
193,Yanma,7,3,65,65,45,75,45,95,5,30,193,If it flaps its wings really fast$ it can generate shock waves that will shatter windows in the area.
194,Wooper,11,5,55,45,45,25,25,15,0,100,194,This Pokemon lives in cold water. It will leave the water to search for food when it gets cold outside.
195,Quagsire,11,5,95,85,85,65,65,35,0,40,195,This carefree Pokemon has an easy-going nature. While swimming$ it always bumps into boat hulls.
196,Espeon,14,0,65,65,60,130,95,110,3,20,196,It uses the fine hair that covers its body to sense air currents and predict its enemy's actions.
197,Umbreon,17,0,95,65,110,60,130,65,4,20,197,When agitated$ this Pokemon protects itself by spraying poisonous sweat from its pores.
198,Murkrow,17,3,60,85,42,85,42,91,5,15,198,Feared and loathed by many$ it is believed to bring misfortune to all those who see it at night.
199,Slowking,11,14,95,75,80,100,110,30,4,30,199,It has incredible intellect and intuition. Whatever the situation$ it remains calm and collected.
200,Misdreavus,8,0,60,60,60,85,85,85,4,20,200,It likes playing mischievous tricks$ such as screaming and wailing to startle people at night. 
201,Unown,14,0,48,72,48,72,48,48,3,90,201,Their shapes look like hieroglyphs on ancient tablets. It is said that the two are somehow related.
202,Wobbuffet,14,0,190,33,58,33,58,33,0,20,202,It hates light and shock. If attacked$ it inflates its body to build up its counterstrike.
203,Girafarig,1,14,70,80,65,90,65,85,3,25,203,Its tail has a small brain of its own. Beware! If you get close$ it may react to your scent by biting.
204,Pineco,7,0,50,65,90,35,35,15,2,75,204,It likes to make its shell thicker by adding layers of tree bark. The additional weight doesn't bother it.
205,Forretress,7,9,75,90,140,60,60,40,2,30,205,Its entire body is shielded by a steel-hard shell. What lurks inside this shell is a total mystery.
206,Dunsparce,1,0,100,70,70,65,65,45,0,75,206,When spotted$ this Pokemon escapes backward by furiously boring into the ground with its tail.
207,Gligar,5,3,65,75,105,35,65,85,2,25,207,It flies straight at its target's face$ then clamps down on the startled victim to inject poison.
208,Steelix,9,5,75,85,200,55,65,30,2,10,208,Its body has been compressed deep under the ground. As a result$ it is even harder than a diamond.
209,Snubbull,18,0,60,80,50,40,40,30,1,75,209,Although it looks frightening$ it is actually kind and affectionate. It is very popular among women.
210,Granbull,18,0,90,120,75,60,60,45,1,30,210,It is actually timid and easily spooked. If attacked$ it flails about to fend off its attacker.
211,Qwilfish,11,4,65,95,85,55,55,85,1,20,211,To fire its poison spikes$ it must inflate its body by drinking over 2.6 gallons of water all at once.
212,Scizor,7,9,70,130,100,55,80,65,1,10,212,It swings its eye-patterned pincers up to scare its foes. This makes it look like it has three heads.
213,Shuckle,7,6,20,10,230,10,230,5,2,75,213,The berries it stores in its vase-like shell decompose and become a gooey liquid.
214,Heracross,7,2,80,125,75,40,95,85,1,20,214,This powerful Pokemon thrusts its prized horn under its enemies' bellies$ then lifts and throws them.
215,Sneasel,17,15,55,95,55,35,75,115,5,25,215,Its paws conceal sharp claws. If attacked$ it suddenly extends the claws and startles its enemy.
216,Teddiursa,1,0,60,80,50,50,50,40,1,50,216,If it finds honey$ its crescent mark glows. It always licks its paws because they're soaked with honey.
217,Ursaring,1,0,90,130,75,75,75,55,1,25,217,Although it is a good climber$ it prefers to snap trees with its forelegs and eat fallen berries.
218,Slugma,10,0,40,40,40,70,40,20,3,75,218,It never sleeps. It has to keep moving because if it stopped$ its magma body would cool and harden.
219,Magcargo,10,6,60,50,120,90,80,30,2,30,219,The shell on its back is just skin that has cooled and hardened. It breaks easily with a slight touch.
220,Swinub,15,5,50,50,40,30,30,50,1,90,220,It rubs its snout on the ground to find and dig up food. It sometimes discovers hot springs.
221,Piloswine,15,5,100,100,80,60,60,50,1,30,221,Because the long hair all over its body obscures its sight$ it just keeps charging repeatedly.
222,Corsola,11,6,65,55,95,65,95,35,4,25,222,It continuously sheds and grows. The tip of its head is prized as a treasure because of its beauty.
223,Remoraid,11,0,35,65,35,65,35,65,3,75,223,It has superb accuracy. The water it shoots out can strike moving prey from more than 300 feet away.
224,Octillery,11,0,75,105,75,105,75,45,3,30,224,It traps foes with the suction cups on its tentacles$ then smashes them with its rock-hard head.
225,Delibird,15,3,45,55,45,65,45,75,5,20,225,It carries food all day long. There are tales about lost people who were saved by its stored food.
226,Mantine,11,3,85,40,70,80,140,70,4,10,226,As it majestically swims$ it doesn't care if REMORAID attach to it for scavenging its leftovers.
227,Skarmory,9,3,65,80,140,40,70,70,2,10,227,Its sturdy wings look heavy$ but they are actually hollow and light$ allowing it to fly freely in the sky.
228,Houndour,17,10,45,60,30,80,50,65,3,50,228,It uses different kinds of cries for communicating with others of its kind and for pursuing its prey.
229,Houndoom,17,10,75,90,50,110,80,95,3,20,229,If you are burned by the flames it shoots from its mouth$ the pain will never go away.
230,Kingdra,11,16,75,95,95,95,95,85,3,20,230,It is said that it usually hides in underwater caves. It can create whirlpools by yawning.
231,Phanpy,5,0,90,60,60,40,40,40,0,50,231,It swings its long snout around playfully$ but because it is so strong$ that can be dangerous.
232,Donphan,5,0,90,120,120,60,60,50,2,25,232,It has sharp$ hard tusks and a rugged hide. Its tackle is strong enough to knock down a house.
233,Porygon2,1,0,85,80,90,105,95,60,3,20,233,This upgraded version of PORYGON is designed for space exploration. It can't fly$ however.
234,Stantler,1,0,73,95,62,85,65,85,1,20,234,The curved antlers subtly change the flow of air to create a strange space where reality is distorted.
235,Smeargle,1,0,55,20,35,20,45,75,5,20,235,A special fluid oozes from the tip of its tail. It paints the fluid everywhere to mark its territory.
236,Tyrogue,2,0,35,35,35,35,35,35,1,30,236,It is always bursting with energy. To make itself stronger$ it keeps on fighting even if it loses.
237,Hitmontop,2,0,50,95,95,35,110,70,4,20,237,If you are enchanted by its smooth$ dance-like kicks$ you may get a closer experience with one than you'd like.
238,Smoochum,15,14,45,30,15,85,65,65,3,20,238,Its lips are the most sensitive part of its body. It always uses its lips first to examine things.
239,Elekid,13,0,45,63,37,65,55,95,5,20,239,It rotates its arms to generate electricity$ but it tires easily$ so it only charges up a little bit.
240,Magby,10,0,45,75,37,70,55,83,5,20,240,Each and every time it inhales and exhales$ hot embers dribble from its mouth and nostrils.
241,Miltank,1,0,95,80,105,40,70,100,2,20,241,Its milk is packed with nutrition$ making it the ultimate beverage for the sick or weary.
242,Blissey,1,18,255,10,10,75,135,55,0,15,242,Anyone who takes even one taste of BLISSEY's egg becomes unfailingly caring and pleasant to everyone.
243,Raikou,13,0,90,85,75,115,100,115,5,2,243,The rain clouds it carries let it fire thunderbolts at will. They say that it descended with lightning.
244,Entei,10,0,115,115,85,90,75,100,1,2,244,Volcanoes erupt when it barks. Unable to contain its sheer power$ it races headlong around the land.
245,Suicune,11,0,100,75,115,90,115,85,4,2,245,Said to be the embodiment of north winds$ it can instantly purify filthy$ murky water.
246,Larvitar,6,5,50,64,50,45,50,41,1,20,246,It feeds on soil. After it has eaten a large mountain$ it falls asleep so it can grow.
247,Pupitar,6,5,70,84,70,65,70,51,1,20,247,Its shell is as hard as sheet rock$ and it is also very strong. Its thrashing can topple a mountain.
248,Tyranitar,6,17,100,134,110,95,100,61,1,20,248,Its body can't be harmed by any sort of attack$ so it is very eager to make challenges against enemies.
249,Lugia,14,3,106,90,130,90,154,110,4,2,249,It is said that it quietly spends its time deep at the bottom of the sea because its powers are too strong.
250,Ho-Oh,10,3,106,130,90,110,154,90,4,2,250,Legends claim this Pokemon flies the world's skies continuously on its magnificent$ seven-colored wings.
251,Celebi,14,12,100,100,100,100,100,100,3,20,251,This Pokemon wanders across time. Grass and trees flourish in the forests in which it has appeared.
252,Treecko,12,0,40,45,35,65,55,70,5,20,252,Small hooks on the bottom of its feet catch on walls and ceilings. That is how it can hang from above.
253,Grovyle,12,0,50,65,45,85,65,95,5,20,253,It leaps from tree branch to tree branch quite swiftly. It shows astounding agility.
254,Sceptile,12,0,70,85,65,105,85,120,5,20,254,It agilely leaps about the jungle and uses the sharp leaves on its arms to strike its prey.
255,Torchic,10,0,45,60,40,70,50,45,1,20,255,Inside its body is a place where it keeps a small flame. Hug it! It will be as warm as a hot-water bottle.
256,Combusken,10,2,60,85,60,85,60,55,1,20,256,During a battle$ the hot flame in its body increases. Its kicks have outstanding destructive power.
257,Blaziken,10,2,80,120,70,110,70,80,1,20,257,It can clear a 30-story building in a leap. Its fiery punches scorch its foes.
258,Mudkip,11,0,50,70,50,50,50,40,1,20,258,Its power can crush boulders. It rests by covering itself with mud at the bottom of a river.
259,Marshtomp,11,5,70,85,70,60,70,50,1,20,259,Living on muddy ground that provides poor footing has made its legs sturdy.
260,Swampert,11,5,100,110,90,85,90,60,1,20,260,Its arms are hard as rock. With one swing$ it can break a boulder into pieces.
261,Poochyena,17,0,35,55,35,30,30,35,1,100,261,It chases its prey until the victim becomes exhausted. However$ it turns tail if the prey strikes back.
262,Mightyena,17,0,70,90,70,60,60,70,1,50,262,It chases down prey in a pack of around ten. They defeat foes with perfectly coordinated teamwork.
263,Zigzagoon,1,0,38,30,41,30,41,60,5,100,263,It gets interested in everything$ which is why it zigs and zags. It is good at finding items.
264,Linoone,1,0,78,70,61,50,61,100,5,40,264,When running in a straight line$ it can easily top 60 miles an hour. It has a tough time with curved roads.
265,Wurmple,7,0,45,45,35,20,30,20,0,100,265,It lives among the tall grass and in forests. It repels attacks by  raising up the spikes on its rear.
266,Silcoon,7,0,50,35,55,25,25,15,2,50,266,Having wrapped silk around the branches of a tree$ it quiescently awaits evolution.
267,Beautifly,7,3,60,70,50,100,50,65,3,20,267,Vibrantly patterned wings are its prominent feature. It sucks sweet flower nectar with its long mouth.
268,Cascoon,7,0,50,35,55,25,25,15,2,50,268,It endures attacks with patience$ because the more pain before evolution$ the sturdier it becomes.
269,Dustox,7,4,60,50,70,50,90,65,4,20,269,It scatters its fine dust all over when it is attacked. It is a nocturnal Pokemon.
270,Lotad,11,12,40,30,30,40,50,30,4,100,270,Its leaf grew too large for it to live on land. That is how it began to live floating in the water.
271,Lombre,11,12,60,50,50,60,70,50,4,50,271,It is nocturnal and becomes active at nightfall. It feeds on aquatic mosses that grow in the riverbed.
272,Ludicolo,11,12,80,70,70,90,100,70,4,20,272,If it hears festive music$ it begins moving in rhythm in order to amplify its power.
273,Seedot,12,0,40,40,50,30,30,30,2,100,273,It attaches itself to a tree branch using the top of its head. Strong winds can sometimes make it fall.
274,Nuzleaf,12,17,70,70,40,60,40,60,1,50,274,It lives deep in forests. With the leaf on its head$ it makes a flute whose song makes listeners uneasy.
275,Shiftry,12,17,90,100,60,90,60,80,1,20,275,It lives quietly in the deep forest. It is said to create chilly winter winds with the fans it holds.
276,Taillow,1,3,40,55,30,30,30,85,5,80,276,When it gets cold$ they migrate$ flying over 180 miles a day. It hunts for tasty prey.
277,Swellow,1,3,60,85,60,75,50,125,5,20,277,It dives at a steep angle as soon as it spots its prey. It catches its prey with sharp claws.
278,Wingull,11,3,40,30,30,55,30,85,5,75,278,It soars on updrafts without flapping its wings. It makes a nest on sheer cliffs at the sea's edge.
279,Pelipper,11,3,60,50,100,95,70,65,2,20,279,It protects its young in its beak. It bobs on waves$ resting on them on days when the waters are calm.
280,Ralts,14,18,28,25,25,45,35,40,3,95,280,The horns on its head provide a strong power that enables it to sense people's emotions.
281,Kirlia,14,18,38,35,35,65,55,50,3,50,281,It has a psychic power that enables it to distort the space around it and see into the future.
282,Gardevoir,14,18,68,65,65,125,115,80,3,20,282,It unleashes psychokinetic energy at full power when protecting a Trainer it has bonded closely with.
283,Surskit,7,11,40,30,32,50,52,65,5,80,283,It secretes a thick$ sweet-scented syrup from the tip of its head. It lives on weed-choked ponds.
284,Masquerain,7,3,70,60,62,100,82,80,3,30,284,It flaps its four wings to hover and fly freely in any direction-- to and fro and sideways.
285,Shroomish,12,0,60,40,60,40,60,35,1,100,285,If it senses danger$ it scatters spores from the top of its head to protect itself.
286,Breloom,12,2,60,130,80,60,60,70,1,40,286,It scatters poisonous spores and throws powerful punches while its foe is hampered by inhaled spores.
287,Slakoth,1,0,60,60,60,35,35,30,1,100,287,The way SLAKOTH lolls around makes anyone who watches it feel like doing the same.
288,Vigoroth,1,0,80,80,80,55,55,90,5,50,288,Its stress level rises if it cannot keep moving constantly. Too much stress makes it feel sick.
289,Slaking,1,0,150,160,100,95,65,100,1,20,289,The world's laziest Pokemon. It moves to another spot when there's no food left within its reach.
290,Nincada,7,5,31,45,90,30,30,40,2,100,290,It can sometimes live underground for more than 10 years. It absorbs nutrients from the roots of trees.
291,Ninjask,7,3,61,90,45,50,50,160,5,50,291,Its cry leaves a lasting headache if heard for too long. It moves so quickly that it is almost invisible.
292,Shedinja,7,8,1,90,45,30,30,40,1,20,292,A strange Pokemon--it flies without moving its wings$ has a hollow shell for a body$ and does not breathe.
293,Whismur,1,0,64,51,23,51,23,28,0,75,293,If it senses danger$ it scares the foe by crying out with the volume of a jet-plane engine.
294,Loudred,1,0,84,71,43,71,43,48,0,50,294,It shouts loudly by inhaling air$ and then uses its well-developed stomach muscles to exhale.
295,Exploud,1,0,104,91,63,91,73,68,0,20,295,Its roar in battle shakes the ground like a tremor--or like an earthquake has struck.
296,Makuhita,2,0,72,60,30,20,30,25,0,75,296,It toughens up by slamming into thick trees over and over. It gains a sturdy body and dauntless spirit.
297,Hariyama,2,0,144,120,60,40,60,50,0,80,297,It loves challenging others to tests of strength. It has the power to stop a train with a slap.
298,Azurill,1,18,50,20,40,20,40,20,0,60,298,Its tail is packed full of the nutrients it needs to grow.
299,Nosepass,6,0,30,45,135,45,90,30,2,100,299,If two of these meet$ they cannot get too close because their noses repel each other.
300,Skitty,1,18,50,45,45,35,35,50,5,100,300,It's adorable when it chases its own tail. It's difficult to earn its trust.
301,Delcatty,1,18,70,65,65,55,55,90,5,25,301,It dislikes dirty places. It often searches for a comfortable place in which to groom itself.
302,Sableye,17,8,50,75,75,65,65,50,1,20,302,It dwells in the darkness of caves. It uses its sharp claws to dig up gems to nourish itself.
303,Mawile,9,18,50,85,85,55,55,50,2,20,303,It chomps with its gaping mouth. Its huge jaws are actually steel horns that have been transformed.
304,Aron,9,6,50,70,100,40,40,30,2,75,304,When it evolves$ it sheds the steel carapace that covered its whole body and develops a new one.
305,Lairon,9,6,60,90,140,50,50,40,2,40,305,It loves iron ore. Groups of them fight for territory by bashing one another with their steel bodies.
306,Aggron,9,6,70,110,180,60,60,50,2,20,306,You can tell its age by the length of its iron horns. It claims an entire mountain as its territory.
307,Meditite,2,14,30,40,55,40,55,60,5,75,307,It meditates to heighten its inner energy and to float in the air. It eats one berry a day.
308,Medicham,2,14,60,60,75,60,75,80,5,40,308,Through yoga training$ it gained the psychic power to predict its foe's next move.
309,Electrike,13,0,40,45,40,65,40,65,5,50,309,It stores electricity in its fur. It gives off sparks from all over its body in seasons when the air is dry.
310,Manectric,13,0,70,75,60,105,60,105,5,20,310,Its nest can be found where a thunderbolt hits. It is discharging electricity from its mane.
311,Plusle,13,0,60,50,40,85,75,95,5,80,311,It absorbs electricity from telephone poles. It shorts out its body to create crackling noises.
312,Minun,13,0,60,40,50,75,85,95,5,80,312,Exposure to electricity from MINUN and PLUSLE promotes blood circulation and relaxes muscles.
313,Volbeat,7,0,65,73,75,47,85,85,4,60,313,It emits light from its tail to communicate. It loves the sweet aroma given off by ILLUMISE.
314,Illumise,7,0,65,47,75,73,85,85,4,60,314,Its fragrance attracts a swarm of VOLBEAT$ so they draw over 200 patterns in the night sky.
315,Roselia,12,4,50,60,45,100,80,65,3,60,315,ROSELIA that drink nutritionally rich springwater are said to reveal rare coloration when they bloom.
316,Gulpin,4,0,70,43,53,43,53,40,0,90,316,It has a small heart and brain. Its stomach comprises most of its body$ with enzymes to dissolve anything.
317,Swalot,4,0,100,73,83,73,83,55,0,30,317,It gulps anything that fits in its mouth. Its special enzymes can dissolve anything.
318,Carvanha,11,17,45,90,20,65,20,65,1,90,318,They form packs to attack boats and rip out their hulls to sink them. They live in rivers in the jungle.
319,Sharpedo,11,17,70,120,40,95,40,95,1,25,319,It can swim at speeds of 75 mph by jetting seawater through its body. It is the bandit of the sea.
320,Wailmer,11,0,130,70,35,70,35,60,0,50,320,It bounces playfully like a ball. The more seawater it swallows$ the higher it bounces.
321,Wailord,11,0,170,90,45,90,45,60,0,25,321,It is the largest of all identified Pokemon. They jump as a pack to herd their prey.
322,Numel,10,5,60,60,40,65,45,35,3,100,322,The flaming magma it stores in the hump on its back is the source of its tremendous power.
323,Camerupt,10,5,70,100,70,105,75,40,3,60,323,It lives in the crater of a volcano. It is well known that the humps on its back erupt every 10 years.
324,Torkoal,10,0,70,85,140,85,70,20,2,40,324,You find abandoned coal mines full of them. They dig tirelessly in search of coal.
325,Spoink,14,0,60,25,35,70,80,60,4,100,325,It bounces around on its tail to keep its heart pumping. It carries a pearl from CLAMPERL on its head.
326,Grumpig,14,0,80,45,65,90,110,80,4,25,326,It can perform odd dance steps to influence foes. Its style of dancing became hugely popular overseas.
327,Spinda,1,0,60,60,60,60,60,60,0,100,327,The chances of two SPINDA having identical spot patterns is less than one in four billion.
328,Trapinch,5,0,45,100,45,45,45,10,1,100,328,Its nest is a sloped$ bowl-like pit in the desert. Once something has fallen in$ there is no escape.
329,Vibrava,5,16,50,70,50,50,50,70,1,50,329,It vibrates its wings vigorously$ creating ultrasonic waves that cause serious headaches.
330,Flygon,5,16,80,100,80,80,80,100,1,20,330,It is nicknamed “The Desert Spirit” because the flapping of its wings sounds like a woman singing.
331,Cacnea,12,0,50,85,40,85,40,35,3,75,331,It lives in arid locations. Its yellow flowers bloom once a year.
332,Cacturne,12,17,70,115,60,115,60,55,3,25,332,Packs of them follow travelers through the desert until the travelers can no longer move.
333,Swablu,1,3,45,40,60,40,75,50,4,100,333,Its wings bring cottony clouds to mind. It grooms with springwater and loves to sit on heads.
334,Altaria,16,3,75,70,90,70,105,80,4,20,334,It flies gracefully through the sky. Its melodic humming makes you feel like you're in a dream.
335,Zangoose,1,0,73,115,60,60,60,90,1,40,335,Its fur would all stand on end if it smelled a SEVIPER nearby. Its sharp claws tear up its foes.
336,Seviper,4,0,73,100,60,100,60,65,1,40,336,In battle$ it uses its bladed tail to counter any ZANGOOSE. It secretes a deadly venom in its tail.
337,Lunatone,6,14,90,55,65,95,85,70,3,20,337,It was discovered at the site of a meteor strike 40 years ago. Its stare can lull its foes to sleep.
338,Solrock,6,14,90,95,85,55,65,70,1,20,338,When it rotates itself$ it gives off light similar to the sun$ thus blinding its foes.
339,Barboach,11,5,50,48,43,46,41,60,5,75,339,BARBOACH uses its whiskers to taste things just as a person uses his or her tongue to taste things.
340,Whiscash,11,5,110,78,73,76,71,60,0,30,340,It claims a large swamp to itself. If a foe comes near it$ it sets off tremors by thrashing around.
341,Corphish,11,0,43,80,65,50,35,35,1,85,341,It was originally a Pokemon from afar that escaped to the wild. It can adapt to the dirtiest river.
342,Crawdaunt,11,17,63,120,85,90,55,55,1,65,342,A brutish Pokemon that loves to battle. It will crash itself into any foe that approaches its nest.
343,Baltoy,5,14,40,40,55,40,70,55,4,100,343,It moves while spinning around on its single foot. Some BALTOY have been seen spinning on their heads.
344,Claydol,5,14,60,70,105,70,120,75,4,40,344,It is said that it originates from clay dolls made by an ancient civilization.
345,Lileep,6,12,66,41,77,61,87,23,4,20,345,It disguises its tentacles as flowers to attract and catch prey. It became extinct in ancient times.
346,Cradily,6,12,86,81,97,81,107,43,4,20,346,It lives in warm seas. Its heavy body weighs it down so it won't get washed away in rough weather.
347,Anorith,6,7,45,95,50,40,50,75,1,20,347,An ancestral Pokemon that lived in the ocean. Over time$ its eight feet transformed into wings.
348,Armaldo,6,7,75,125,100,70,80,45,1,20,348,Its enormous$ retractable claws can cut through most anything. Its entire body is clad in sturdy plates.
349,Feebas,11,0,20,15,20,10,55,80,5,100,349,It is the shabbiest Pokemon of all. It forms in schools and lives at the bottom of rivers.
350,Milotic,11,0,95,60,79,100,125,81,4,25,350,It's said that a glimpse of a MILOTIC and its beauty will calm any hostile emotions you're feeling.
351,Castform,1,0,70,70,70,70,70,70,0,20,351,This Pokemon can change its cells$ taking different forms based on the temperature and humidity.
352,Kecleon,1,0,60,90,70,60,120,40,4,80,352,It changes its shading to match its surroundings so it can sneak up on prey. Only its belly patterns stay fixed.
353,Shuppet,8,0,44,75,35,63,33,45,1,90,353,It uses its horn to feed on envy and malice$ or so it's said. It's very active at night.
354,Banette,8,0,64,115,65,83,63,65,1,20,354,This Pokemon developed from an abandoned doll that amassed a grudge. It is seen in dark alleys.
355,Duskull,8,0,20,40,90,30,90,25,4,75,355,If it finds bad children who won't listen to their parents$ it will spirit them away--or so it's said.
356,Dusclops,8,0,40,70,130,60,130,25,4,40,356,Anyone who dares peer into its body to see its spectral ball of fire will have their spirit stolen away.
357,Tropius,12,3,99,68,83,72,87,51,0,80,357,The bunch of fruit around its neck ripens twice a year and is delicious. It's a highly favored tropical snack.
358,Chimecho,14,0,75,50,80,95,90,65,3,20,358,It uses the sucker on its head to hang from a tree or from eaves. It can produce seven different tones.
359,Absol,17,0,65,130,60,75,60,75,1,15,359,It has the ability to foretell natural disasters. Its life span is over a hundred years.
360,Wynaut,14,0,95,23,48,23,48,23,0,50,360,It tends to move in a pack. Individuals squash against one another to toughen their spirits.
361,Snorunt,15,0,50,50,50,50,50,50,1,75,361,It's said that if they are seen at midnight$ they'll cause heavy snow. They eat snow and ice to survive.
362,Glalie,15,0,80,80,80,80,80,80,1,30,362,It can instantly freeze moisture in the atmosphere. It uses this power to freeze its foes.
363,Spheal,15,11,70,40,50,55,50,25,0,100,363,It crosses the oceans by rolling itself on drifting ice. Fluffy fur keeps it warm when the temperature is below freezing.
364,Sealeo,15,11,90,60,70,75,70,45,0,50,364,It has a very sensitive nose. It touches new things with its nose to examine them.
365,Walrein,15,11,110,80,90,95,90,65,0,20,365,It shatters drift ice with its strong tusks. Its thick layer of blubber repels enemy attacks.
366,Clamperl,11,0,35,64,85,74,55,32,2,100,366,When it evolves$ it makes a mysterious pearl that amplifies psychic powers when it's held.
367,Huntail,11,0,55,104,105,94,75,52,2,25,367,It lives deep in the pitch-dark sea. It attracts prey by moving its tail in mimicry of a small animal.
368,Gorebyss,11,0,55,84,105,114,75,52,3,25,368,Its pink body becomes more vivid with the rise of water temperatures in the springtime.
369,Relicanth,11,6,100,90,130,45,65,55,2,10,369,Discovered by chance during deep-sea explorations$ it has not changed since ancient times.
370,Luvdisc,11,0,43,30,55,40,65,97,5,90,370,Its heart-shaped body makes it popular. In some places$ you would give a LUVDISC to someone you love.
371,Bagon,16,0,45,75,60,40,30,50,1,20,371,Its well-developed neck muscles and ironlike head can smash boulders into pieces.
372,Shelgon,16,0,65,95,100,60,50,50,2,20,372,It surrounds its body in an iron-hard shell to accumulate enough power to evolve.
373,Salamence,16,3,95,135,80,110,80,100,1,20,373,It's uncontrollable if enraged. It flies around spouting flames and scorching fields and mountains.
374,Beldum,9,14,40,55,80,35,60,30,2,2,374,The magnetic force generated by its body repels the ground's natural magnetism$ letting it float. 
375,Metang,9,14,60,75,100,55,80,50,2,2,375,When two BELDUM fuse together$ a magnetic nervous system places their brains in union.
376,Metagross,9,14,80,135,130,95,90,70,1,2,376,It folds its four legs when flying. Its four brains are said to be superior to a supercomputer.
377,Regirock,6,0,80,100,200,50,100,50,2,2,377,The same rocks that form its body have been found in ground layers around the world.
378,Regice,15,0,80,50,100,100,200,50,4,2,378,It is said to have slept in a glacier for thousands of years. Its body can't be melted$ even by magma.
379,Registeel,9,0,80,75,150,75,150,50,4,2,379,Its body is said to be harder than any kind of metal. A study has revealed that its body is hollow.
380,Latias,16,14,80,80,90,110,130,110,4,2,380,It communicates using telepathy. Its body is covered in down that refracts light to make it invisible.
381,Latios,16,14,80,90,80,130,110,110,3,2,381,It understands human speech and is highly intelligent. It is a tender Pokemon that dislikes fighting.
382,Kyogre,11,0,100,100,90,150,140,90,3,2,382,A mythical Pokemon said to have swelled the seas with rain and tidal waves. It battled with GROUDON.
383,Groudon,5,0,100,150,140,100,90,90,1,2,383,Said to have expanded the lands by evaporating water with raging heat. It battled titanically with KYOGRE.
384,Rayquaza,16,3,105,150,90,150,90,95,3,20,384,It flies in the ozone layer$ way up high in the sky. Until recently$ no one had ever seen it.
385,Jirachi,9,14,100,100,100,100,100,100,3,2,385,Generations have believed that any wish written on a note on its head will come true when it awakens.
386,Deoxys,14,0,50,150,50,150,50,150,5,2,386,DNA from a space virus mutated and became a Pokemon. It appears where auroras are seen.
387,Turtwig,12,0,55,68,64,45,55,31,1,20,387,Photosynthesis occurs across its body under the sun. The shell on its back is actually hardened soil.
388,Grotle,12,0,75,89,85,55,65,36,1,20,388,A GROTLE that lives in the forest is said to have its own secret springwater.
389,Torterra,12,5,95,109,105,75,85,56,1,20,389,Ancient people imagined that beneath the ground$ a gigantic TORTERRA dwelled.
390,Chimchar,10,0,44,58,44,58,44,61,5,20,390,The gas made in its belly burns from its rear end. The fire burns weakly when it feels sick.
391,Monferno,10,2,64,78,52,78,52,81,5,20,391,A bigger fire on its tail and a brighter blue pattern on its face means its rank in its pack is higher.
392,Infernape,10,2,76,104,71,104,71,108,5,20,392,It tosses its enemies around with agility. It uses all its limbs to fight in its own unique style.
393,Piplup,11,0,53,51,53,61,56,40,3,20,393,It doesn't like to be taken care of. It's difficult to bond with since it won't listen to its Trainer.
394,Prinplup,11,0,64,66,68,81,76,50,3,20,394,It lives a solitary life. Its wings deliver wicked blows that can snap even the thickest of trees.
395,Empoleon,11,9,84,86,88,111,101,60,3,20,395,It avoids unnecessary disputes$ but it will decimate anything that threatens its pride.
396,Starly,1,3,40,55,30,30,30,60,5,100,396,They flock around mountains and fields$ chasing after bug Pokemon. Their singing is noisy and annoying.
397,Staravia,1,3,55,75,50,40,40,80,5,50,397,They maintain huge flocks$ although fierce scuffles break out between various flocks.
398,Staraptor,1,3,85,120,70,50,60,100,1,20,398,When STARAVIA evolve into STARAPTOR$ they leave the flock to live alone. They have sturdy wings.
399,Bidoof,1,0,59,45,40,35,40,31,0,100,399,It lives in groups by the water.  It chews up boulders and trees around its nest with its incisors.
400,Bibarel,1,11,79,85,60,55,60,71,1,50,400,It busily makes its nest with stacks of branches and roots it has cut up with its sharp incisors.
401,Kricketot,7,0,37,25,41,25,41,25,4,100,401,When its antennae hit each other$ it sounds like the music of a xylophone.
402,Kricketune,7,0,77,85,51,55,51,65,1,20,402,By allowing its cry to resonate in the hollow of its belly$ it produces a captivating sound.
403,Shinx,13,0,45,65,34,40,34,45,1,95,403,The extension and contraction of its muscles generates electricity. Its fur glows when it's in trouble.
404,Luxio,13,0,60,85,49,60,49,60,1,50,404,By gathering their tails together$ they collectively generate powerful electricity from their claws. 
405,Luxray,13,0,80,120,79,95,79,70,1,20,405,LUXRAY's ability to see through objects comes in handy when it's scouting for danger.
406,Budew,12,4,40,30,35,50,70,55,4,100,406,When it feels the sun's warm touch$ it opens its bud to release pollen. It lives alongside clear pools.
407,Roserade,12,4,60,70,65,125,105,90,3,30,407,Its sweet aroma attracts prey. Then it spews poison. The more toxic it is$ the sweeter its aroma.
408,Cranidos,6,0,67,125,40,30,30,58,1,20,408,CRANIDOS toughen up their already rock-hard heads by headbutting one another.
409,Rampardos,6,0,97,165,60,65,50,58,1,20,409,Its skull withstands impacts of any magnitude. As a result$ its brain never gets the chance to grow.
410,Shieldon,6,9,30,42,118,42,88,30,2,20,410,It was generated from a fossil dug out of a layer of clay that was older than anyone knows. It has a sturdy face.
411,Bastiodon,6,9,60,52,168,47,138,30,2,20,411,When attacked$ they form a wall. Their rock-hard faces serve to protect them from the attacks.
412,Burmy,7,0,40,29,45,29,45,36,4,50,412,It covers itself with a cloak to shelter from the cold. When it's hot$ its cloak is thinner.
413,Wormadam,7,12,60,59,85,79,105,36,4,20,413,It is said that a WORMADAM that evolves on a cold day will have a thicker cloak.
414,Mothim,7,3,70,94,50,94,50,66,3,20,414,It flutters around at night and steals honey from the COMBEE hive.
415,Combee,7,3,30,30,42,30,42,70,5,50,415,At night$ COMBEE sleep in a group of about a thousand$ packed closely together in a lump.
416,Vespiquen,7,3,70,80,102,80,102,40,4,20,416,It raises grubs in the holes in its body. It secretes pheromones to control COMBEE.
417,Pachirisu,13,0,60,45,70,45,90,95,5,80,417,It's one of the kinds of Pokemon  with electric cheek pouches. It shoots charges from its tail.
418,Buizel,11,0,55,65,35,60,30,85,5,75,418,It inflates its flotation sac$ keeping its face above water in order to watch for prey movement.
419,Floatzel,11,0,85,105,55,85,50,115,5,30,419,With its flotation sac inflated$ it can carry people on its back. It deflates the sac before it dives.
420,Cherubi,12,0,45,35,45,62,53,35,3,75,420,It evolves by sucking the energy out of the small ball where it had been storing nutrients.
421,Cherrim,12,0,70,60,70,87,78,85,3,30,421,During times of strong sunlight$ its bud blooms$ its petals open fully$ and it becomes very active.
422,Shellos,11,0,76,48,48,57,62,34,0,75,422,Its shape and coloration vary$ depending on its habitat.
423,Gastrodon,11,5,111,83,68,92,82,39,0,30,423,When its natural enemy attacks$ it oozes purple fluid and escapes.
424,Ambipom,1,0,75,100,66,60,66,115,5,20,424,They live on large trees. They are said to communicate by connecting their tails to those of others.
425,Drifloon,8,3,90,50,34,60,44,70,0,50,425,It is whispered that any child who mistakes DRIFLOON for a balloon and holds on to it could wind up missing.
426,Drifblim,8,3,150,80,44,90,54,80,0,25,426,It can generate and release gas within its body. That's how it can control the altitude of its drift.
427,Buneary,1,0,55,66,44,44,56,85,5,75,427,You can tell how it feels by the way it rolls its ears. When it's scared$ both ears are rolled up.
428,Lopunny,1,0,65,76,84,54,96,105,5,25,428,It sheds its fur twice a year. Its winter fur is soft and fluffy.
429,Mismagius,8,0,60,60,60,105,105,105,4,20,429,Its cries sound like incantations to torment the foe. It appears where you least expect it.
430,Honchkrow,17,3,100,125,52,105,52,71,1,15,430,It is merciless by nature. It is said that it never forgives the mistakes of its MURKROW followers.
431,Glameow,1,0,49,55,42,42,37,85,5,75,431,When it's happy$ GLAMEOW demonstrates beautiful movements of its tail$ like a dancing ribbon.
432,Purugly,1,0,71,82,64,64,59,112,5,30,432,It would claim another Pokemon's nest as its own if it finds a nest sufficiently comfortable.
433,Chingling,14,0,45,30,50,65,50,45,3,50,433,It emits high-frequency cries that  people can't hear. Once it starts$ it can cry for an awfully long time. 
434,Stunky,4,17,63,63,47,41,41,74,5,90,434,The foul fluid from its rear is so revolting that it can make people feel queasy up to a mile and a quarter away.
435,Skuntank,4,17,103,93,67,71,61,84,0,25,435,It attacks by spraying a repugnant fluid from its tail$ but the stench dulls after a few squirts.
436,Bronzor,9,14,57,24,86,24,86,23,4,100,436,Ancient people believed that the pattern on BRONZOR's back contained a mysterious power.
437,Bronzong,9,14,67,89,116,79,116,33,4,40,437,Ancient people believed that petitioning BRONZONG for rain was the way to make crops grow.
438,Bonsly,6,0,50,80,95,10,45,10,2,100,438,In order to adjust the level of fluids in its body$ it exudes water from its eyes. This makes it appear to be crying.
439,Mime Jr.,14,18,20,25,45,70,90,60,4,60,439,In an attempt to confuse its enemy$ it mimics the enemy's movements. Then it wastes no time in making itself scarce!
440,Happiny,1,18,100,5,5,15,65,30,0,55,440,It carefully carries a round$ white rock that it thinks is an egg. It's bothered by how curly its hair looks.
441,Chatot,1,3,76,65,45,92,42,91,3,15,441,It mimics the cries of other Pokemon to trick them into thinking it's one of them. This way they won't attack it.
442,Spiritomb,8,17,50,92,108,92,108,35,4,40,442,It was formed by uniting 108 spirits. It has been bound to the Odd Keystone to keep it from doing any mischief.
443,Gible,16,5,58,70,45,40,45,42,1,20,443,It nests in horizontal holes warmed by geothermal heat. Foes who get too close can expect to be pounced on and bitten.
444,Gabite,16,5,68,90,65,50,55,82,1,20,444,As it digs to expand its nest$ it habitually digs up gems that it then hoards in its nest.
445,Garchomp,16,5,108,130,95,80,85,102,1,20,445,Its body is covered in fine scales that reduce drag$ enabling it to fly at high speeds.
446,Munchlax,1,0,135,85,40,40,85,5,0,20,446,It conceals food under the long fur on its body. It carts around this food stash and swallows it without chewing.
447,Riolu,2,0,40,70,40,35,40,60,1,30,447,They communicate with one another using their auras. They are able to run all through the night.
448,Lucario,2,9,70,110,70,115,70,90,3,20,448,It's said that no foe can remain invisible to LUCARIO$ since it can detect auras. Even foes it could not otherwise see.
449,Hippopotas,5,0,68,72,78,38,42,32,2,55,449,It shrouds itself in sand to ward off germs. It travels easily through the sands of the desert.
450,Hippowdon,5,0,108,112,118,68,72,47,2,25,450,It brandishes its gaping mouth in a display of fearsome strength. It raises vast quantities of sand while attacking.
451,Skorupi,4,7,40,50,90,30,55,65,2,50,451,It burrows under the sand to lie in wait for prey. Its tail claws can inject its prey with a savage poison.
452,Drapion,4,17,70,90,110,60,75,95,2,20,452,It attacks people and Pokemon that cross the desert. This has only furthered its bad reputation.
453,Croagunk,4,2,48,61,40,61,40,50,3,55,453,Fluid squeezed from its finger$ albeit poisonous$ is a significant ingredient in remedies for lower-back pain.
454,Toxicroak,4,2,83,106,65,86,65,85,1,30,454,Swaying and dodging the attacks of its foes$ it weaves its flexible body in close$ then lunges out with its poisonous claws.
455,Carnivine,12,0,74,100,72,90,72,46,1,80,455,It walks around on its tentacles in search of a tree branch where it can dangle down and ambush prey.
456,Finneon,11,0,49,49,56,49,61,66,5,75,456,Swimming and fluttering its two tail fins$ it looks like a BEAUTIFLY. At night$ the patterns on its tail fins softly shine.
457,Lumineon,11,0,69,69,76,69,86,91,5,30,457,LUMINEON swimming in the darkness of the deep sea look like stars shining in the night sky.
458,Mantyke,11,3,45,20,50,60,120,50,4,10,458,When it swims close to the surface of the ocean$ people aboard ships are able to observe the pattern on its back.
459,Snover,12,15,60,62,50,62,60,40,1,50,459,During cold seasons$ it migrates to the mountain's lower reaches. It returns to the snow-covered summit in the spring.
460,Abomasnow,12,15,90,92,75,92,85,60,1,25,460,It lives a quiet life on mountains that are perpetually covered in snow. It hides itself by whipping up blizzards.
461,Weavile,17,15,70,120,65,45,85,125,5,20,461,It lives in snowy regions. It carves patterns in trees with its claws as a signal to others.
462,Magnezone,13,9,70,70,115,130,90,60,3,15,462,Exposure to a special magnetic field changed MAGNETON's molecular structure$ turning it into MAGNEZONE.
463,Lickilicky,1,0,110,85,95,80,95,50,0,15,463,Its saliva can decompose anything. It wraps its long tongue around things to coat them with its sticky saliva.
464,Rhyperior,5,6,115,140,130,55,55,40,1,15,464,From holes in its palms$ it fires out GEODUDE. Its carapace  can withstand volcanic eruptions.
465,Tangrowth,12,0,100,100,125,110,50,50,2,15,465,When it remains still$ it appears to be a large shrub. Unsuspecting prey that wander near get ensnared by its vines.
466,Electivire,13,0,75,123,67,95,85,95,1,15,466,As its electric charge amplifies$ blue sparks begin to crackle between its horns.
467,Magmortar,10,0,75,95,67,125,95,83,3,15,467,It blasts fireballs of over 3$600 degrees Fahrenheit out of its arms. Its breath also sears and sizzles.
468,Togekiss,18,3,85,50,95,120,115,80,3,15,468,As everyone knows$ it visits peaceful regions$ bringing them gifts of kindness and sweet blessings.
469,Yanmega,7,3,86,76,86,116,56,95,3,15,469,This six-legged Pokemon is easily capable of transporting an adult in flight. The wings on its tail help it stay balanced.
470,Leafeon,12,0,65,110,130,60,65,95,2,20,470,When you see LEAFEON asleep in a patch of sunshine$ you'll know it is using photosynthesis to produce clean air.
471,Glaceon,15,0,65,60,110,130,95,65,3,20,471,It causes small ice crystals to form by lowering the temperature of the surrounding atmosphere.
472,Gliscor,5,3,75,95,125,45,75,95,2,15,472,Its flight is soundless. It uses its lengthy tail to carry off its prey... Then its elongated fangs do the rest.
473,Mamoswine,15,5,110,130,80,70,60,80,1,20,473,A frozen MAMOSWINE was dug from ice dating back 10$000 years. This Pokemon has been around a long$ long$ long time.
474,Porygon-Z,1,0,85,80,70,135,75,90,3,15,474,Its programming was modified to enable it to travel through alien dimensions. Seems there might have been an error...
475,Gallade,14,2,68,125,65,65,115,80,1,20,475,Because it can sense what its foe is thinking$ its attacks burst out first$ fast$ and fierce.
476,Probopass,6,9,60,55,145,75,150,40,4,25,476,It controls three units called Mini-Noses using magnetic force. With them$ it can attack the foe from three directions.
477,Dusknoir,8,0,45,100,135,65,135,45,4,20,477,This feared Pokemon is said to travel to worlds unknown. Some even believe that it takes lost spirits along with it.
478,Froslass,15,8,70,80,70,80,70,110,5,30,478,It freezes foes with an icy breath nearly�-60 degrees Fahrenheit. What seems to be its body is actually hollow.
479,Rotom,13,8,50,50,77,95,77,91,3,20,479,Research continues on this Pokemon$ which could be the power source of a unique motor.
480,Uxie,14,0,75,75,130,75,130,95,4,2,480,According to some sources$ this Pokemon provided people with the intelligence necessary to solve various problems.
481,Mesprit,14,0,80,105,105,105,105,80,4,2,481,This Pokemon is said to have endowed the human heart with emotions$ such as sorrow and joy.
482,Azelf,14,0,75,125,70,125,70,115,3,2,482,This Pokemon is said to have endowed humans with the determination needed to face any of life's difficulties.
483,Dialga,9,16,100,120,120,150,100,90,3,2,483,This Pokemon completely controls the flow of time. It uses its power to travel at will through the past and future.
484,Palkia,11,16,90,120,100,150,120,100,3,2,484,Its total control over the boundaries of space enable it to transport itself to faraway places or even other dimensions.
485,Heatran,10,9,91,90,106,130,106,77,3,2,485,Boiling blood$ like magma$ circulates through its body. It makes its dwelling place in volcanic caves.
486,Regigigas,1,0,110,160,110,80,110,100,1,2,486,It is believed to have shaped REGIROCK$ REGICE$ and REGISTEEL out of clay$ ice$ and magma.
487,Giratina,8,16,150,100,120,100,120,90,0,2,487,This Pokemon is said to live in a world on the reverse side of ours$ where common knowledge is distorted and strange.
488,Cresselia,14,0,120,70,120,75,130,85,4,2,488,Those who sleep holding CRESSELIA's feather are assured of joyful dreams. It is said to represent the crescent moon.
489,Phione,11,0,80,80,80,80,80,80,0,15,489,When the water warms$ they inflate the flotation sac on their heads and drift languidly on the sea in packs.
490,Manaphy,11,0,100,100,100,100,100,100,0,2,490,It starts its life with a wondrous power that permits it to bond with any kind of Pokemon.
491,Darkrai,17,0,70,90,90,135,90,125,3,2,491,It chases people and Pokemon from its territory by causing them to experience deep$ nightmarish slumbers.
492,Shaymin,12,0,100,100,100,100,100,100,3,20,492,The blooming of Gracidea flowers confers the power of flight upon it. Feelings  of gratitude are the message it delivers.
493,Arceus,1,0,120,120,120,120,120,120,0,2,493,According to the legends of Sinnoh$ this Pokemon emerged from an egg and shaped all there is in this world.
494,Zorua,17,0,40,65,40,80,40,65,3,30,570,To protect themselves from danger$ they hide their true identities by transforming into people and Pok�mon.
495,Zoroark,17,0,60,105,60,120,60,105,3,20,571,Bonds between these Pok�mon are very strong. It protects the safety of its pack by tricking its opponents.
496,Litwick,8,10,50,30,55,65,55,20,3,75,607,Litwick shines a light that absorbs the life energy of people and Pok�mon, which becomes the fuel that it burns.
497,Lampent,8,10,60,40,60,95,60,55,3,40,608,The spirits it absorbs fuel its baleful fire. Once it finds someone whose death is near, it will trail quietly after them.
498,Chandelure,8,10,60,55,90,145,90,80,3,20,609,The spirits burned up in its ominous flame lose their way and wander this world forever.
499,Axew,16,0,46,87,60,30,40,57,1,30,610,Its large tusks have a tendency to break, but each time they grow back, they grow in harder and sturdier.
500,Fraxure,16,0,66,117,70,40,50,67,1,25,611,Their tusks can shatter rocks. Territory battles between Fraxure can be intensely violent.
501,Haxorus,16,0,76,147,90,60,70,97,1,20,612,They are kind but can be relentless when defending territory. They challenge foes with tusks that can cut steel.
502,Deino,17,16,52,65,50,45,50,38,1,20,633,Lacking sight$ it's unaware of its surroundings$ so it bumps into things and eats anything that moves.
503,Zweilous,17,16,72,85,70,65,70,58,1,20,634,After it has eaten up all the food in its territory$ it moves to another area. Its two heads do not get along.
504,Hydreigon,17,16,92,105,90,125,90,98,3,20,635,This brutal Pok�mon travels the skies on its six wings. They use all three heads to consume and destroy everything in its path!
505,Sylveon,18,0,95,65,65,110,130,60,4,20,700,It sends a soothing aura from its ribbonlike feelers to calm fights.
10001,Deoxys,14,0,50,180,20,180,20,150,3,2,386,
10002,Deoxys,14,0,50,70,160,70,160,90,4,2,386,
10003,Deoxys,14,0,50,95,90,95,90,180,5,2,386,
10004,Wormadam,7,5,60,79,105,59,85,36,2,2,413,
10005,Wormadam,7,9,60,69,95,69,95,36,4,2,413,
10006,Shaymin,12,3,100,103,75,120,75,127,5,2,492,
10007,Giratina,8,16,150,120,100,120,100,90,0,2,487,
10008,Rotom,13,10,50,65,107,105,107,86,4,2,479,
10009,Rotom,13,11,50,65,107,105,107,86,4,2,479,
10010,Rotom,13,15,50,65,107,105,107,86,4,2,479,
10011,Rotom,13,3,50,65,107,105,107,86,4,2,479,
10012,Rotom,13,12,50,65,107,105,107,86,4,2,479,
10013,Castform,10,0,70,70,70,70,70,70,5,2,351,
10014,Castform,11,0,70,70,70,70,70,70,5,2,351,
10015,Castform,15,0,70,70,70,70,70,70,5,2,351,
10016,Burmy,7,0,40,29,45,29,45,36,4,50,412,
10017,Burmy,7,0,40,29,45,29,45,36,4,50,412,
10100,raichu-alola,13,14,60,85,50,95,85,110,5,2,26,
10101,sandshrew-alola,15,9,50,75,90,10,35,40,2,2,27,
10102,sandslash-alola,15,9,75,100,120,25,65,65,2,2,28,
10103,vulpix-alola,15,0,38,41,40,50,65,65,5,2,37,
10104,ninetales-alola,15,18,73,67,75,81,100,109,5,2,38,
10114,exeggutor-alola,12,16,95,105,85,125,75,45,3,2,103,
10115,Marowak,10,8,60,80,110,50,80,45,2,2,105,
